timestamp,chuva_35235000_varzea_do_grosso,nivel_35235000_varzea_do_grosso,vazao_35235000_varzea_do_grosso,chuva_35255000_siarao,nivel_35255000_siarao,vazao_35255000_siarao,chuva_35275000_sobral,nivel_35275000_sobral,vazao_35275000_sobral,chuva_35283000_santana_do_acarau,nivel_35283000_santana_do_acarau,vazao_35283000_santana_do_acarau,dia_sin,dia_cos,distancia_35235000_varzea_do_grosso,distancia_35255000_siarao,distancia_35275000_sobral,distancia_35283000_santana_do_acarau
2021-01-01,0.0,160.0,3.2,0.0,128.6086956521739,2.6913043478260867,0.0,42.0,4.1,0.0,67.24489795918367,3.851530612244898,0.01716632975470737,0.9998526477050269,8.1,34.9,59.8,88.3
2021-01-02,0.0,159.577873254565,3.115574650912997,0.0,127.0204081632653,2.5020408163265304,0.0,42.0,4.1,0.0,65.52551020408163,3.4888775510204084,0.034327600513243496,0.9994106342455052,8.1,34.9,59.8,88.3
2021-01-03,0.0,159.922126745435,3.1844253490870034,0.0,126.0,2.4,0.0,42.0,4.1,0.0,66.83673469387755,3.7729591836734695,0.05147875477034653,0.9986740898848305,8.1,34.9,59.8,88.3
2021-01-04,4.0,159.577873254565,3.115574650912997,0.2,126.0,2.4,5.2,42.0,4.1,0.0,67.46938775510205,3.878571428571428,0.06861473800213404,0.9976432316860063,8.1,34.9,59.8,88.3
2021-01-05,0.0,159.5,3.1,0.0,125.51020408163265,2.351020408163265,1.6,42.0,4.1,0.0,68.39795918367346,4.039795918367346,0.08573050015569435,0.9963183634476755,8.1,34.9,59.8,88.3
2021-01-06,0.0,159.5,3.1,0.0,125.0,2.3,0.0,42.0,4.1,7.0,68.4795918367347,4.0377551020408164,0.1028209971373604,0.9946998756145891,8.1,34.9,59.8,88.3
2021-01-07,14.600000000000001,159.922126745435,3.1844253490870034,0.0,125.48979591836735,2.3489795918367347,0.0,42.0,4.1,6.3999999999999995,67.21428571428571,3.843877551020408,0.11988119229922722,0.99278824516254,8.1,34.9,59.8,88.3
2021-01-08,0.0,159.577873254565,3.115574650912997,0.0,125.93233082706767,2.393233082706767,0.0,42.0,4.1,0.0,67.0765306122449,3.8183673469387753,0.13690605792347524,0.990584035457797,8.1,34.9,59.8,88.3
2021-01-09,0.0,159.5,3.1,0.0,125.07787325456498,2.3077873254564985,0.0,42.0,4.1,0.0,67.10204081632654,3.829081632653061,0.15389057670406178,0.9880878960910772,8.1,34.9,59.8,88.3
2021-01-10,0.0,159.922126745435,3.1844253490870034,0.0,125.0,2.3,0.0,42.0,4.1,0.0,67.43367346938776,3.885204081632653,0.17082974322534417,0.985300562686109,8.1,34.9,59.8,88.3
2021-01-11,0.0,159.577873254565,3.115574650912997,0.0,125.06766917293233,2.306766917293233,0.0,41.02040816326531,3.9040816326530607,0.0,67.81632653061224,3.9443877551020408,0.1877185654371987,0.9822228566828407,8.1,34.9,59.8,88.3
2021-01-12,0.0,159.5,3.1,0.0,125.92212674543502,2.3922126745435013,0.0,40.0,3.7,0.0,67.30102040816327,3.8114285714285714,0.2045520661262008,0.9788556850953578,8.1,34.9,59.8,88.3
2021-01-13,0.0,159.5,3.1,1.4,125.51020408163265,2.351020408163265,0.0,40.0,3.7,0.0,66.69897959183673,3.7448979591836733,0.22132528438243257,0.9752000402445825,8.1,34.9,59.8,88.3
2021-01-14,0.0,159.5,3.1,0.0,125.06766917293233,2.306766917293233,0.0,40.0,3.7,9.6,66.64795918367346,3.73265306122449,0.2380332770614856,0.9712569994658314,8.1,34.9,59.8,88.3
2021-01-15,0.0,159.5,3.1,0.0,125.92212674543502,2.3922126745435013,0.0,40.0,3.7,0.0,66.42857142857143,3.698469387755102,0.2546711202412287,0.9670277247913204,8.1,34.9,59.8,88.3
2021-01-16,0.0,159.077873254565,3.0577873254564985,0.0,125.51020408163265,2.351020408163265,0.0,40.0,3.7,0.0,67.25,3.851020408163265,0.27123391067291003,0.9625134626077081,8.1,34.9,59.8,88.3
2021-01-17,0.0,159.422126745435,3.092212674543502,1.2,125.06766917293233,2.306766917293233,3.2,40.0,3.7,0.0,67.73469387755102,3.938775510204082,0.287716767226167,0.9577155432887803,8.1,34.9,59.8,88.3
2021-01-18,0.0,159.5,3.1,0.0,125.92212674543502,2.3922126745435013,0.0,40.27067669172932,3.7473684210526317,0.4,68.61224489795919,4.055612244897959,0.30411483232751785,0.9526353808033826,8.1,34.9,59.8,88.3
2021-01-19,6.6,159.56766917293234,3.1067669172932333,25.0,126.0,2.4,6.2,43.68850698174007,4.345488721804512,42.8,71.07142857142857,4.532653061224489,0.3204232733919111,0.9472744722987169,8.1,34.9,59.8,88.3
2021-01-20,8.6,161.26638023630505,3.3188506981740065,1.8,125.51020408163265,2.351020408163265,11.200000000000001,44.97959183673469,4.595918367346939,4.6000000000000005,71.94897959183673,4.692857142857143,0.33663728424691025,0.9416343976591259,8.1,34.9,59.8,88.3
2021-01-21,3.8,161.01020408163265,3.3010204081632653,4.8,125.48979591836735,2.3489795918367347,2.4000000000000004,46.97959183673469,4.995918367346939,6.0,73.33673469387755,5.012244897959184,0.3527520865490948,0.9357168190404936,8.1,34.9,59.8,88.3
2021-01-22,0.4,160.1455424274973,3.2145542427497316,0.4,126.13533834586465,2.413533834586466,0.0,48.0,5.2,0.0,72.73469387755102,4.879081632653062,0.3687629311922601,0.9295234803804003,8.1,34.9,59.8,88.3
2021-01-23,0.0,160.43233082706766,3.243233082706767,2.0,127.84425349087003,2.5864916756176157,0.0,48.0,5.2,0.0,72.50510204081633,4.8132653061224495,0.3846650997070012,0.9230562068841761,8.1,34.9,59.8,88.3
2021-01-24,0.0,160.0,3.2,0.0,128.42602040816325,2.6596938775510206,1.4,48.0,5.2,0.0,72.24489795918367,4.75,0.40045390565126643,0.9163169044870048,8.1,34.9,59.8,88.3
2021-01-25,0.0,160.0,3.2,0.0,129.0637755102041,2.748622448979592,8.6,48.97959183673469,5.395918367346939,7.6,72.65816326530613,4.8316326530612255,0.41612469599147445,0.9093075592922358,8.1,34.9,59.8,88.3
2021-01-26,1.2,159.577873254565,3.115574650912997,0.0,129.01020408163265,2.7487755102040814,0.2,50.0,5.6,0.0,73.06122448979592,4.933673469387755,0.43167285247378384,0.9020302369860707,8.1,34.9,59.8,88.3
2021-01-27,0.0,159.922126745435,3.1844253490870034,0.8,131.72448979591837,3.0428826530612243,0.0,49.02040816326531,5.404081632653061,0.0,72.85204081632654,4.89030612244898,0.44709379298511387,0.8944870822287956,8.1,34.9,59.8,88.3
2021-01-28,0.0,159.577873254565,3.115574650912997,0.6000000000000001,127.68367346938776,2.5989795918367347,0.6000000000000001,48.0,5.2,7.800000000000001,73.18367346938776,4.968877551020409,0.4623829729035149,0.88668031802274,8.1,34.9,59.8,88.3
2021-01-29,0.0,159.5,3.1,0.0,131.5612244897959,3.037755102040816,0.0,48.0,5.2,0.0,71.46938775510205,4.594897959183673,0.47753588643748823,0.8786122450571483,8.1,34.9,59.8,88.3
2021-01-30,0.0,159.5,3.1,0.0,129.58163265306123,2.810204081632653,5.6,48.0,5.2,0.8,71.26530612244898,4.5561224489795915,0.4925480679538643,0.8702852410301553,8.1,34.9,59.8,88.3
2021-01-31,0.0,159.5,3.1,0.0,130.81632653061226,2.9418367346938776,0.0,47.86466165413534,5.172932330827068,0.0,70.8265306122449,4.470408163265306,0.5074150932938455,0.8617017599480682,8.1,34.9,59.8,88.3
2021-02-01,0.0,159.5,3.1,0.0,130.68367346938774,2.943877551020408,0.0,46.15574650912997,4.8311493018259934,4.2,70.49489795918367,4.403061224489796,0.5221325810768248,0.8528643314021597,8.1,34.9,59.8,88.3
2021-02-02,0.0,159.5,3.1,0.0,127.4795918367347,2.5744897959183675,0.0,45.72932330827068,4.752631578947368,0.0,69.35204081632654,4.1959183673469385,0.5366961939916004,0.8437755598231856,8.1,34.9,59.8,88.3
2021-02-03,0.0,159.5,3.1,0.0,127.3061224489796,2.559183673469388,0.0,42.31149301825993,4.154511278195488,0.0,68.96938775510205,4.11734693877551,0.5511016400746002,0.8344381237138473,8.1,34.9,59.8,88.3
2021-02-04,0.0,159.5,3.1,0.0,128.77551020408163,2.711224489795918,0.0,42.0,4.1,0.0,68.04591836734694,3.956122448979592,0.5653446739747429,0.8248547748594244,8.1,34.9,59.8,88.3
2021-02-05,0.0,159.5,3.1,0.0,128.05412599822537,2.6381100266193434,0.0,42.0,4.1,0.0,67.68367346938776,3.902551020408163,0.5794210982045637,0.8150283375168114,8.1,34.9,59.8,88.3
2021-02-06,0.0,159.5,3.1,0.0,125.67546583850933,2.377196095829636,0.0,42.0,4.1,0.0,67.09693877551021,3.8076530612244897,0.593326764377232,0.8049617075821959,8.1,34.9,59.8,88.3
2021-02-07,0.0,159.5,3.1,0.0,124.93233082706767,2.2932330827067666,0.0,42.0,4.1,0.0,67.01530612244898,3.8071428571428574,0.6070575744291002,0.7946578517376252,8.1,34.9,59.8,88.3
2021-02-08,0.0,159.5,3.1,3.0,124.98979591836735,2.298979591836735,0.0,42.13533834586466,4.120300751879699,0.0,67.66326530612245,3.9270408163265307,0.6206094818274227,0.7841198065767104,8.1,34.9,59.8,88.3
2021-02-09,10.8,159.922126745435,3.1844253490870034,0.0,125.21321160042964,2.3213211600429644,4.6000000000000005,43.84425349087003,4.376638023630505,29.2,68.23469387755102,4.014285714285714,0.6339784927628866,0.7733506777097299,8.1,34.9,59.8,88.3
2021-02-10,0.0,160.0,3.2,0.0,126.35445757250268,2.4354457572502684,0.0,45.95918367346939,4.791836734693878,0.2,68.87244897959184,4.105102040816326,0.647160667326606,0.7623536388483904,8.1,34.9,59.8,88.3
2021-02-11,0.8,160.0,3.2,1.6,126.203007518797,2.420300751879699,2.0,48.0,5.2,19.6,69.40816326530613,4.198979591836735,0.6601521206712317,0.7511319308705199,8.1,34.9,59.8,88.3
2021-02-12,0.0,159.374865735768,3.0885069817400645,0.0,128.2765843179377,2.6276584317937703,0.0,48.0,5.2,0.2,68.95918367346938,4.121938775510204,0.6729490241558329,0.7396888608649668,8.1,34.9,59.8,88.3
2021-02-13,0.0,156.6659505907626,2.766595059076262,0.0,126.68206229860365,2.4682062298603653,9.8,48.0,5.2,0.0,69.09693877551021,4.145408163265306,0.6855476064742154,0.7280278011569848,8.1,34.9,59.8,88.3
2021-02-14,0.0,156.0,2.7,0.0,122.79108485499462,2.079108485499463,0.4,48.0,5.2,0.2,68.88775510204081,4.110714285714286,0.6979441547663435,0.7161521883143933,8.1,34.9,59.8,88.3
2021-02-15,12.0,155.577873254565,2.6577873254564985,25.2,122.99409237379162,2.099409237379162,0.6000000000000001,49.95918367346939,5.6408163265306115,0.0,69.36734693877551,4.188265306122449,0.7101350157125358,0.7040655221348057,8.1,34.9,59.8,88.3
2021-02-16,32.8,155.98979591836735,2.6989795918367347,77.4,129.15359828141783,2.7575725026852846,69.2,55.91836734693877,6.981632653061225,19.2,69.68367346938776,4.239795918367347,0.7221165966101162,0.6917713646142218,8.1,34.9,59.8,88.3
2021-02-17,0.2,156.43233082706766,2.743233082706767,0.4,126.2314715359828,2.43093447905478,0.6000000000000001,60.5735767991407,8.092373791621911,0.2,84.28571428571429,7.884183673469387,0.733885366432199,0.6792733388972931,8.1,34.9,59.8,88.3
2021-02-18,0.0,155.66165413533835,2.6593984962406014,0.0,125.55316863587541,2.3553168635875403,0.0,55.92588614393126,6.99500537056928,6.2,86.9234693877551,8.494387755102041,0.7454378568683001,0.6665751282095632,8.1,34.9,59.8,88.3
2021-02-19,0.2,150.3421052631579,2.0419978517722877,0.0,123.88506981740065,2.1885069817400646,0.0,48.622986036519876,5.340171858216971,0.0,79.5204081632653,6.460204081632654,0.7567706633464626,0.653680474772006,8.1,34.9,59.8,88.3
2021-02-20,23.2,149.0574650912997,1.905746509129968,5.6,120.95273899033297,1.9020408163265308,18.599999999999998,48.0,5.2,7.3999999999999995,74.75,5.340816326530612,0.7678804460366,0.6405931786981751,8.1,34.9,59.8,88.3
2021-02-21,0.2,149.0204081632653,1.9020408163265308,3.4000000000000004,118.23361976369495,1.6733619763694954,4.0,46.04081632653061,4.808163265306123,1.2,75.84693877551021,5.599489795918367,0.7787639308347607,0.6273170968742937,8.1,34.9,59.8,88.3
2021-02-22,0.0,147.51020408163265,1.8,0.0,117.08807733619764,1.6010204081632653,1.0,43.72932330827068,4.352631578947369,0.0,74.63775510204081,5.310714285714286,0.7894179103280197,0.613856141822612,8.1,34.9,59.8,88.3
2021-02-23,0.0,147.0,1.8,0.0,115.94011815252416,1.4940118152524169,15.8,40.17615467239527,3.7342105263157896,0.0,70.40816326530613,4.385714285714286,0.7998392447397193,0.6002142805483682,8.1,34.9,59.8,88.3
2021-02-24,6.8,147.0,1.8,0.6,113.30370569280343,1.230370569280344,0.0,38.15574650912997,3.423361976369495,0.0,70.35204081632654,4.372448979591836,0.8100248628547753,0.5863955333706956,8.1,34.9,59.8,88.3
2021-02-25,27.6,148.99462943071967,1.9707841031149302,5.6,114.03240680097456,1.3032406800974563,0.0,39.95918367346939,3.7428571428571424,0.4,68.31122448979592,4.025510204081633,0.8199717629247771,0.5724039727378148,8.1,34.9,59.8,88.3
2021-02-26,30.400000000000002,186.47099892588616,8.625349087003222,13.799999999999999,115.54385528280632,1.4543855282806317,0.0,42.27067669172932,4.147368421052631,2.5999999999999996,66.99489795918367,3.798979591836735,0.8296770135526188,0.5582437220268648,8.1,34.9,59.8,88.3
2021-02-27,23.6,161.50375939849624,3.8018259935553167,13.8,131.82223415682063,3.0957572502685284,8.2,45.68850698174007,4.745488721804511,0.2,66.13775510204081,3.628571428571429,0.8391377545563938,0.5439189543287247,8.1,34.9,59.8,88.3
2021-02-28,1.2,148.0408163265306,1.853061224489796,9.8,151.62835660580024,7.091084854994628,0.8,46.97959183673469,4.995918367346939,1.2,67.26530612244898,3.8346938775510204,0.8483511978123038,0.5294338912181853,8.1,34.9,59.8,88.3
2021-03-01,39.800000000000004,173.69280343716434,6.495488721804512,9.4,134.24758324382384,3.6762083780880768,0.4,45.87325456498389,4.823630504833512,11.6,74.03571428571429,5.177040816326531,0.8573146280763322,0.5147928015098309,8.1,34.9,59.8,88.3
2021-03-02,0.0,156.28678839957036,3.0534908700322236,1.5999999999999999,133.68958109559614,3.323684210526316,15.0,53.06552094522019,6.313104189044039,2.8000000000000003,80.76020408163265,6.776020408163265,0.8660254037844386,0.5000000000000001,8.1,34.9,59.8,88.3
2021-03-03,0.2,145.90547798066595,1.6395273899033298,12.600000000000001,145.80880773361977,4.878410311493018,7.8,54.40601503759399,6.594736842105263,14.6,81.64285714285714,7.007142857142856,0.8744809578310397,0.4850598461951962,8.1,34.9,59.8,88.3
2021-03-04,1.2,142.08807733619764,1.3088077336197639,0.4,134.25187969924812,3.3729323308270676,3.2,59.12674543501611,7.69624060150376,32.4,82.09183673469387,7.1387755102040815,0.8826787983255474,0.46997674302731995,8.1,34.9,59.8,88.3
2021-03-05,9.4,140.58807733619764,1.1588077336197637,0.4,125.24167561761546,2.331954887218045,8.8,54.06122448979592,6.521052631578947,25.2,84.71428571428571,7.835714285714285,0.8906165093267404,0.4547551355561058,8.1,34.9,59.8,88.3
2021-03-06,0.0,139.86466165413535,1.0932330827067671,12.6,123.49570354457573,2.1495703544575724,0.0,48.46723952738991,5.30123523093448,3.8,80.93367346938776,6.813775510204081,0.8982917515547528,0.4393995096591417,8.1,34.9,59.8,88.3
2021-03-07,0.0,137.5982814178303,0.9520408163265306,0.0,115.81954887218046,1.43093447905478,7.800000000000001,45.06122448979592,4.661224489795918,0.2,76.63775510204081,5.7545918367346935,0.9057022630804714,0.42391439070986076,8.1,34.9,59.8,88.3
2021-03-08,0.0,136.077873254565,0.8077873254564983,0.0,114.35747583243823,5.277148227712138,26.6,44.229860365198704,4.496992481203007,8.4,74.95408163265306,5.38265306122449,0.9128458599921356,0.40830434224389334,8.1,34.9,59.8,88.3
2021-03-09,0.0,135.51020408163265,0.8,0.2,112.05255102040816,1.0520408163265307,0.0,46.74973147153599,4.949946294307196,5.4,77.64795918367346,6.039795918367346,0.9197204370389467,0.3925739646141717,8.1,34.9,59.8,88.3
2021-03-10,0.0,134.51020408163265,0.7510204081632652,0.0,108.50545112781954,0.8588077336197637,5.2,43.72932330827068,4.352631578947369,6.4,77.45918367346938,5.987755102040816,0.926323968251495,0.3767278936351851,8.1,34.9,59.8,88.3
2021-03-11,0.0,133.93233082706766,0.6932330827067669,4.6,105.46723952738989,0.6311493018259936,0.6,40.04081632653061,3.7071428571428573,3.2,71.50510204081633,4.616326530612245,0.9326545075388224,0.36077079921678346,8.1,34.9,59.8,88.3
2021-03-12,0.0,133.077873254565,0.6077873254564984,0.0,105.57357679914071,0.6219119226638024,0.0,36.31149301825994,3.054511278195489,0.0,67.46938775510205,3.8709183673469383,0.9387101892619443,0.3447073839879338,8.1,34.9,59.8,88.3
2021-03-13,0.0,132.93233082706766,0.6,0.0,103.0204081632653,0.45102040816326533,1.0,36.0,3.0,0.0,64.30102040816327,3.323469387755102,0.9444892287836613,0.32854238191083485,8.1,34.9,59.8,88.3
2021-03-14,0.2,132.077873254565,0.6,5.8,102.0,0.4,0.8,36.0,3.0,16.4,64.10204081632654,3.298979591836735,0.949989922994501,0.3122805568857947,8.1,34.9,59.8,88.3
2021-03-15,8.6,132.06766917293234,0.6,3.8000000000000003,101.51020408163265,0.3510204081632653,0.0,33.06122448979592,2.6081632653061226,0.2,64.3061224489796,3.3418367346938775,0.9552106508146316,0.2959267013472893,8.1,34.9,59.8,88.3
2021-03-16,0.0,132.01020408163265,0.5577873254564983,1.6,101.0,0.3,13.6,30.54135338345865,2.2812030075187972,0.8,65.64795918367346,3.56734693877551,0.9601498736716018,0.2794856348516095,8.1,34.9,59.8,88.3
2021-03-17,4.4,131.703007518797,0.5635338345864661,35.4,106.50698174006443,0.6969924812030074,49.8,41.024704618689576,3.944897959183673,27.8,64.11734693877551,3.294897959183673,0.9648061359537645,0.2629622026565149,8.1,34.9,59.8,88.3
2021-03-18,0.0,135.34908700322234,0.8223952738990333,27.599999999999998,118.37110633727175,1.6871106337271753,3.6,39.37271750805586,3.615735767991407,4.2,68.90306122448979,4.161734693877551,0.9691780654392536,0.2463612742933148,8.1,34.9,59.8,88.3
2021-03-19,2.6,152.26047261009666,2.298388829215897,0.2,121.01611170784103,1.9093984962406014,1.0,36.27067669172932,3.0473684210526315,0.8,67.59693877551021,3.8918367346938774,0.9732643737003824,0.22968774213179574,8.1,34.9,59.8,88.3
2021-03-20,11.4,181.7798066595059,9.171455424274974,0.4,124.85123523093448,2.3341031149301825,2.1999999999999997,39.68850698174006,3.645488721804511,54.8,71.94897959183673,5.0229591836734695,0.9770638564833508,0.21294651993841582,8.1,34.9,59.8,88.3
2021-03-21,0.0,158.84640171858217,3.008002148227712,0.0,137.74758324382384,3.7169709989258863,0.0,39.02040816326531,3.5530612244897957,1.2,75.15306122448979,5.45765306122449,0.9805753940631429,0.19614254142819698,8.1,34.9,59.8,88.3
2021-03-22,27.2,161.0327604726101,3.287701396348013,2.8000000000000003,131.6170784103115,3.0694951664876475,12.0,38.27067669172932,3.4473684210526314,0.0,71.06122448979592,4.512244897959183,0.9837979515735163,0.17928075881073577,8.1,34.9,59.8,88.3
2021-03-23,0.0,158.89957035445758,3.0055316863587542,8.200000000000001,136.8829215896885,3.630504833512352,1.8,41.68850698174006,4.045488721804511,34.800000000000004,78.0204081632653,6.144897959183674,0.9867305793119814,0.162366141330764,8.1,34.9,59.8,88.3
2021-03-24,21.4,158.06766917293234,2.906766917293233,12.0,134.35606874328678,3.620837808807734,1.0,44.36519871106338,4.530827067669173,3.2,80.39285714285714,6.690816326530611,0.989372413019683,0.14540367380368976,8.1,34.9,59.8,88.3
2021-03-25,45.6,204.66648764769064,15.74591836734694,18.4,168.03651987110632,12.468367346938777,21.0,64.8796992481203,9.82078410311493,18.0,80.1938775510204,6.636224489795919,0.9917226741361015,0.12839835514655099,8.1,34.9,59.8,88.3
2021-03-26,18.2,184.91729323308272,8.026799140708915,11.2,234.86036519871107,39.32078410311493,6.4,176.28141783029,74.79113856068743,0.2,89.6938775510204,9.379081632653062,0.9937806700284985,0.11135519690480875,8.1,34.9,59.8,88.3
2021-03-27,4.2,155.35230934479054,2.6719119226638024,0.0,229.89980052171245,37.04907933098051,0.0,265.24006444683135,144.10741138560687,0.2,110.96428571428571,18.535204081632653,0.9955457941960382,0.09427922177542453,8.1,34.9,59.8,88.3
2021-03-28,0.0,150.63533834586465,2.063533834586466,30.200000000000003,194.50675157280958,22.08032453582937,1.4,227.1160042964554,106.70972073039741,0.2,171.6122448979592,67.99591836734695,0.9970175264485267,0.07717546212664653,8.1,34.9,59.8,88.3
2021-03-29,0.0,152.0574650912997,2.212513426423201,0.2,190.76938337096385,20.55660799228392,4.800000000000001,163.5563909774436,56.278893662728244,18.6,169.95408163265307,63.718877551020405,0.998195433059714,0.0600489585149486,8.1,34.9,59.8,88.3
2021-03-30,4.8,150.90547798066595,2.133780880773362,0.0,171.38528902431003,13.098762576996426,2.8,135.22448979591837,38.473469387755095,3.8,160.3826530612245,53.69795918367347,0.9990791668951153,0.042904758199554374,8.1,34.9,59.8,88.3
2021-03-31,8.8,148.84425349087005,1.8844253490870033,14.6,167.86090225563908,11.754189044038668,13.8,121.06122448979592,30.83061224489796,10.2,151.5765306122449,45.737755102040815,0.999668467514313,0.025747913654988658,8.1,34.9,59.8,88.3
2021-04-01,0.0,146.90547798066595,1.73952738990333,0.2,162.74113856068743,9.98829215896885,0.0,117.18796992481202,28.927819548872183,0.0,130.15816326530611,29.022448979591836,0.9999631612477099,0.008583481082087055,8.1,34.9,59.8,88.3
2021-04-02,9.600000000000001,141.75402792696025,1.2754027926960259,0.0,159.48496240601503,8.843931256713212,0.2,106.93447905477981,24.228302900107412,0.0,123.20918367346938,24.533673469387757,0.9999631612477099,-0.008583481082086933,8.1,34.9,59.8,88.3
2021-04-03,0.6,140.01020408163265,1.1077873254564985,0.2,179.17722878625133,16.00719656283566,12.2,108.2298603651987,24.761224489795918,7.0,113.72448979591837,19.305102040816326,0.9996684675143132,-0.025747913654988314,8.1,34.9,59.8,88.3
2021-04-04,0.0,138.58807733619764,1.0510204081632653,3.2,156.99301825993555,8.135445757250269,0.2,113.28249194414607,27.062567132116005,0.4,111.0765306122449,17.953061224489794,0.9990791668951153,-0.04290475819955447,8.1,34.9,59.8,88.3
2021-04-05,0.0,137.51020408163265,0.9510204081632654,0.0,146.85338345864662,5.20187969924812,0.0,107.65520945220194,24.479699248120305,0.0,115.38265306122449,20.135714285714286,0.998195433059714,-0.06004895851494825,8.1,34.9,59.8,88.3
2021-04-06,0.0,136.4425349087003,0.8510204081632654,0.0,154.99087003222343,7.393609022556392,0.0,96.93447905477981,19.98936627282492,0.0,103.37755102040816,14.475,0.9970175264485267,-0.07717546212664618,8.1,34.9,59.8,88.3
2021-04-07,0.0,134.58807733619764,0.7510204081632652,0.0,137.093984962406,3.7460794844253487,0.4,87.18367346938776,16.416326530612245,0.0,95.84183673469387,11.446938775510203,0.9955457941960382,-0.0942792217754244,8.1,34.9,59.8,88.3
2021-04-08,0.0,134.0,0.7,0.0,131.171858216971,3.0104189044038665,0.0,77.72932330827068,13.018796992481203,0.0,92.27551020408163,10.210714285714285,0.9937806700284985,-0.11135519690480862,8.1,34.9,59.8,88.3
2021-04-09,0.2,133.51020408163265,0.6510204081632652,0.0,126.05102040816327,2.412889366272825,0.0,73.99662421359521,11.910794844253491,0.0,83.81632653061224,7.611734693877551,0.9917226741361015,-0.12839835514655107,8.1,34.9,59.8,88.3
2021-04-10,0.6000000000000001,132.577873254565,0.6,22.400000000000002,121.32169709989259,1.9321697099892587,0.0,67.75510204081633,10.260714285714286,0.0,78.30102040816327,6.162755102040816,0.9893724130196829,-0.14540367380368988,8.1,34.9,59.8,88.3
2021-04-11,14.2,132.43233082706766,0.6,11.6,120.296992481203,1.8296992481203007,25.2,59.755102040816325,8.160714285714286,13.000000000000002,78.76530612244898,6.262244897959183,0.9867305793119814,-0.16236614133076366,8.1,34.9,59.8,88.3
2021-04-12,2.4,132.0,0.6,0.7999999999999999,117.17615467239527,1.5665950590762623,9.0,51.66395580788706,6.062164339419978,1.6,79.07142857142857,6.345408163265306,0.9837979515735163,-0.17928075881073566,8.1,34.9,59.8,88.3
2021-04-13,0.0,132.13533834586465,0.6067669172932331,0.4,115.2234156820623,1.4223415682062297,3.0,42.50805585392052,4.150590762620838,1.4,77.75510204081633,6.003061224489795,0.980575394063143,-0.19614254142819687,8.1,34.9,59.8,88.3
2021-04-14,6.0,134.26638023630505,0.7344253490870032,0.0,115.296992481203,1.4296992481203008,0.0,39.86466165413534,3.679699248120301,0.0,72.17857142857143,4.759183673469388,0.9770638564833507,-0.21294651993841593,8.1,34.9,59.8,88.3
2021-04-15,16.2,134.26476906552097,0.7129430719656283,0.2,113.93233082706767,1.293233082706767,3.2,38.15574650912997,3.423361976369495,1.8,69.68877551020408,4.237755102040816,0.9732643737003824,-0.22968774213179563,8.1,34.9,59.8,88.3
2021-04-16,0.0,140.4812030075188,1.1704618689581094,0.2,113.21321160042964,1.2213211600429645,0.0,37.86466165413534,3.3729323308270676,0.0,67.71428571428571,3.9214285714285717,0.9691780654392537,-0.2463612742933147,8.1,34.9,59.8,88.3
2021-04-17,0.0,135.33190118152524,0.7743823845327605,0.0,114.1514500537057,1.3151450053705693,0.0,36.15574650912997,3.031149301825993,0.0,64.64795918367346,3.389795918367347,0.9648061359537646,-0.26296220265651454,8.1,34.9,59.8,88.3
2021-04-18,0.2,133.51020408163265,0.6510204081632652,18.400000000000002,112.97368421052632,1.1906015037593987,3.2,36.0,3.0,1.6,63.57142857142857,3.1942857142857144,0.9601498736716018,-0.2794856348516094,8.1,34.9,59.8,88.3
2021-04-19,6.0,133.0,0.6,6.4,117.55316863587541,1.569871106337272,0.6000000000000001,36.13533834586466,3.0270676691729324,12.2,63.5,3.2132653061224485,0.9552106508146317,-0.2959267013472892,8.1,34.9,59.8,88.3
2021-04-20,0.0,134.48872180451127,0.7353383458646615,0.7999999999999999,117.06766917293233,1.5567669172932332,2.6,38.11493018259935,3.416219119226638,2.0,63.505102040816325,3.225,0.949989922994501,-0.31228055688579476,8.1,34.9,59.8,88.3
2021-04-21,0.6,153.84425349087005,2.5,0.0,116.16595059076262,1.5088077336197636,0.0,41.95918367346939,4.0928571428571425,20.4,66.9795918367347,3.7867346938775506,0.9444892287836613,-0.32854238191083474,8.1,34.9,59.8,88.3
2021-04-22,10.6,157.41192266380236,2.8411922663802365,18.8,125.65037593984962,2.4650375939849627,11.8,45.95918367346939,4.799624060150376,9.6,67.4795918367347,3.883673469387755,0.9387101892619443,-0.3447073839879337,8.1,34.9,59.8,88.3
2021-04-23,1.8,158.422126745435,2.9422126745435015,3.2,137.83297529538132,3.8389366272824916,10.200000000000001,50.93877551020408,5.843501611170784,16.0,70.25,4.3923469387755105,0.9326545075388225,-0.3607707992167831,8.1,34.9,59.8,88.3
2021-04-24,0.0,158.56766917293234,2.956766917293233,32.599999999999994,153.98335123523094,7.0628356605800215,15.8,65.31686358754028,9.593823845327606,10.0,77.59693877551021,6.003061224489795,0.926323968251495,-0.376727893635185,8.1,34.9,59.8,88.3
2021-04-25,0.0,159.422126745435,3.0844253490870033,0.2,150.35821697099894,5.805853920515575,16.599999999999998,89.55746509129968,17.20187969924812,0.0,83.97448979591837,7.686224489795919,0.9197204370389467,-0.39257396461417177,8.1,34.9,59.8,88.3
2021-04-26,0.0,159.1455424274973,3.0291084854994628,0.0,142.6390977443609,4.31595059076262,0.0,86.14285714285714,15.97234156820623,0.2,100.0765306122449,13.101020408163267,0.9128458599921355,-0.40830434224389345,8.1,34.9,59.8,88.3
2021-04-27,0.0,159.31310418904403,3.1099892588614395,0.0,137.7438238453276,3.6821697099892585,0.0,72.2781954887218,11.40580021482277,0.0,102.14795918367346,13.962755102040816,0.9057022630804715,-0.42391439070986064,8.1,34.9,59.8,88.3
2021-04-28,7.0,151.14339419978518,2.1299140708915147,17.799999999999997,135.73361976369495,3.473361976369495,11.200000000000001,64.17615467239527,9.051825993555317,1.6,89.41836734693878,9.270408163265307,0.898291751554753,-0.43939950965914143,8.1,34.9,59.8,88.3
2021-04-29,3.2,149.1455424274973,1.9145542427497315,0.0,136.6987110633727,3.569871106337272,11.2,62.02040816326531,8.498335123523093,1.6,85.45408163265306,8.03826530612245,0.8906165093267405,-0.4547551355561055,8.1,34.9,59.8,88.3
2021-04-30,0.0,149.43233082706766,1.9432330827067668,0.0,135.9425349087003,3.4942534908700322,0.0,64.34479054779807,9.10547798066595,0.4,85.4234693877551,8.001224489795918,0.8826787983255476,-0.4699767430273197,8.1,34.9,59.8,88.3
2021-05-01,3.2,148.93233082706766,1.893233082706767,34.0,143.4425349087003,5.130719656283566,27.4,78.51342642320085,13.426423200859292,31.2,85.89285714285714,8.17142857142857,0.8744809578310397,-0.4850598461951961,8.1,34.9,59.8,88.3
2021-05-02,0.0,148.077873254565,1.8077873254564985,0.0,135.71321160042964,3.6348549946294306,0.8,95.93018259935553,19.595435016111708,0.2,96.46428571428571,11.67938775510204,0.8660254037844387,-0.4999999999999998,8.1,34.9,59.8,88.3
2021-05-03,0.0,148.48979591836735,1.8489795918367347,0.0,132.749731471536,3.168206229860365,3.1999999999999997,86.20408163265306,16.122448979591837,3.0,106.85204081632654,15.969897959183672,0.8573146280763323,-0.5147928015098308,8.1,34.9,59.8,88.3
2021-05-04,0.0,149.2706766917293,1.9270676691729323,5.800000000000001,129.15574650912995,2.765574650912997,0.2,71.67561761546723,11.216219119226638,0.8,102.63775510204081,14.18061224489796,0.848351197812304,-0.5294338912181852,8.1,34.9,59.8,88.3
2021-05-05,18.8,155.57572502685284,2.6419978517722877,15.200000000000001,131.80665950590762,3.1930719656283566,8.4,64.09129967776585,9.11858216970999,1.2000000000000002,89.09183673469387,9.182653061224489,0.8391377545563939,-0.5439189543287246,8.1,34.9,59.8,88.3
2021-05-06,11.2,158.8421052631579,3.1601503759398497,2.4000000000000004,163.55370569280345,10.674758324382385,3.4000000000000004,90.00859291084855,17.484586466165414,2.0,86.11224489795919,8.239795918367347,0.8296770135526188,-0.5582437220268649,8.1,34.9,59.8,88.3
2021-05-07,1.2000000000000002,178.36305048335123,6.193770139634801,52.6,224.01611170784102,34.87148227712137,59.2,185.49301825993555,87.24489795918367,24.6,100.56122448979592,13.48265306122449,0.8199717629247771,-0.5724039727378148,8.1,34.9,59.8,88.3
2021-05-08,0.0,157.18421052631578,2.8428034371643394,1.8,245.05907626208378,45.590547798066595,4.8,301.3856068743287,186.15746509129968,9.2,233.96428571428572,190.76938775510206,0.8100248628547752,-0.5863955333706956,8.1,34.9,59.8,88.3
2021-05-09,2.4,152.23361976369495,2.231149301825994,0.2,204.83512352309344,26.26294307196563,0.0,228.79269602577875,108.89414607948443,0.2,280.2959183673469,275.39183673469387,0.7998392447397195,-0.600214280548368,8.1,34.9,59.8,88.3
2021-05-10,0.0,148.0139634801289,1.8503759398496242,0.0,179.6611170784103,16.189473684210526,0.0,176.61117078410314,64.87851772287863,1.8,217.7908163265306,132.87448979591835,0.7894179103280199,-0.6138561418226116,8.1,34.9,59.8,88.3
2021-05-11,0.0,141.96294307196564,1.3030612244897959,0.0,161.24113856068743,9.525671321160043,0.0,133.04564983888292,37.58410311493019,0.4,171.05612244897958,65.03571428571429,0.7787639308347607,-0.6273170968742938,8.1,34.9,59.8,88.3
2021-05-12,0.0,138.5982814178303,1.0520408163265307,0.0,146.41353383458647,6.376584317937701,0.0,103.171858216971,22.640870032223418,3.4,144.3673469387755,39.310102040816325,0.7678804460366001,-0.6405931786981751,8.1,34.9,59.8,88.3
2021-05-13,13.8,137.61922663802363,0.95515574650913,19.2,138.72744360902254,5.301329215896885,26.400000000000002,93.10204081632654,18.538775510204083,29.200000000000003,128.94387755102042,28.194387755102042,0.7567706633464627,-0.6536804747720057,8.1,34.9,59.8,88.3
2021-05-14,9.0,143.44897959183675,1.445918367346939,10.4,156.00134264232008,8.191178839957034,0.2,109.7250268528464,26.66756176154672,1.4000000000000001,126.57142857142857,26.667346938775513,0.7454378568683001,-0.6665751282095632,8.1,34.9,59.8,88.3
2021-05-15,1.0,147.63694951664877,1.8204618689581098,0.0,177.43743286788398,15.35014769065521,0.2,166.3515037593985,57.70764232008593,0.2,143.76020408163265,39.04795918367347,0.7338853664321991,-0.6792733388972931,8.1,34.9,59.8,88.3
2021-05-16,0.0,142.2642320085929,1.3264232008592909,0.0,163.89285714285714,10.484438775510203,0.0,137.2908163265306,39.621352040816326,0.0,162.41836734693877,55.42040816326531,0.722116596610116,-0.6917713646142222,8.1,34.9,59.8,88.3
2021-05-17,0.0,139.5204081632653,1.1010204081632653,0.0,145.2253561802079,6.236821332306508,0.0,112.16326530612245,27.027219387755103,0.0,143.45408163265307,38.92295918367347,0.7101350157125358,-0.7040655221348058,8.1,34.9,59.8,88.3
2021-05-18,0.0,137.5204081632653,0.9520408163265306,1.6,137.18790912591453,5.0698113207547175,0.0,82.14285714285714,14.892908163265307,0.0,122.5561224489796,24.252040816326527,0.6979441547663435,-0.7161521883143933,8.1,34.9,59.8,88.3
2021-05-19,0.8,136.077873254565,0.8077873254564983,0.4,131.90547798066595,4.342078410311493,0.0,62.06122448979592,8.550255102040817,12.2,110.78061224489795,17.813775510204078,0.6855476064742155,-0.7280278011569847,8.1,34.9,59.8,88.3
2021-05-20,0.0,135.51020408163265,0.8,0.0,124.3327067669173,3.3770139634801293,4.0,52.04081632653061,6.10030612244898,0.2,100.79081632653062,13.36530612244898,0.672949024155833,-0.7396888608649667,8.1,34.9,59.8,88.3
2021-05-21,0.0,134.93233082706766,0.793233082706767,0.0,122.57841031149302,3.1703544575725027,0.0,48.0,5.2,0.0,91.63265306122449,9.988775510204082,0.660152120671232,-0.7511319308705197,8.1,34.9,59.8,88.3
2021-05-22,0.0,134.077873254565,0.7077873254564984,0.0,128.36452738990334,3.8727980665950588,0.0,48.0,5.2,0.0,85.82142857142857,8.154081632653062,0.647160667326606,-0.7623536388483902,8.1,34.9,59.8,88.3
2021-05-23,0.0,134.0,0.7,0.0,121.90051020408163,3.048469387755102,0.0,48.0,5.2,0.0,83.35714285714286,7.460204081632654,0.6339784927628868,-0.7733506777097298,8.1,34.9,59.8,88.3
2021-05-24,0.0,135.1987110633727,0.7776584317937703,0.2,119.0204081632653,2.7020408163265306,0.0,45.06122448979592,4.661224489795918,0.0,80.60714285714286,6.74234693877551,0.620609481827423,-0.7841198065767103,8.1,34.9,59.8,88.3
2021-05-25,0.0,132.8216970998926,0.6233619763694952,0.0,116.69871106337273,2.4631041890440386,0.0,42.0,4.1,0.0,77.88265306122449,6.064795918367347,0.6070575744291006,-0.7946578517376249,8.1,34.9,59.8,88.3
2021-05-26,0.0,132.0,0.6,0.0,112.5982814178303,2.009828141783029,0.0,39.06122448979592,3.561224489795918,0.0,75.84183673469387,5.587755102040816,0.593326764377232,-0.8049617075821959,8.1,34.9,59.8,88.3
2021-05-27,0.0,132.0,0.5888775510204082,0.0,110.0982814178303,1.7176154672395274,0.0,36.0,3.0,0.0,70.71938775510205,4.467857142857143,0.5794210982045638,-0.8150283375168113,8.1,34.9,59.8,88.3
2021-05-28,0.0,133.26450053705693,0.6972717508055855,0.0,108.15574650912997,1.5155746509129966,0.0,35.02040816326531,2.853061224489796,0.0,63.066326530612244,3.1897959183673468,0.5653446739747428,-0.8248547748594245,8.1,34.9,59.8,88.3
2021-05-29,0.0,156.02255639097746,2.7323845327604728,0.0,108.13533834586465,1.5135338345864662,0.2,34.0,2.7,0.0,63.27040816326531,3.225,0.5511016400746,-0.8344381237138473,8.1,34.9,59.8,88.3
2021-05-30,0.0,160.41702470461868,3.2283539205155747,0.0,108.85445757250268,1.5854457572502685,0.0,34.0,2.7,0.0,66.40816326530613,3.7096938775510204,0.5366961939916005,-0.8437755598231856,8.1,34.9,59.8,88.3
2021-05-31,0.0,161.0,3.291377551020408,0.0,113.30397422126745,2.086143931256713,0.0,34.40601503759398,2.7676691729323313,0.0,67.0561224489796,3.805102040816326,0.522132581076825,-0.8528643314021596,8.1,34.9,59.8,88.3
2021-06-01,0.0,161.0,3.2944387755102036,0.0,126.47153598281419,3.6373254564983886,0.6000000000000001,39.5327604726101,3.622126745435016,5.8,67.10714285714286,3.8209183673469385,0.5074150932938458,-0.861701759948068,8.1,34.9,59.8,88.3
2021-06-02,0.0,160.93233082706766,3.284610633727175,0.4,130.0,4.1,0.0,40.0,3.7,0.2,72.10714285714286,4.75765306122449,0.4925480679538644,-0.8702852410301553,8.1,34.9,59.8,88.3
2021-06-03,0.0,160.1455424274973,3.2061868958109563,0.0,130.0,4.1,0.0,40.97959183673469,3.895918367346939,0.0,71.86224489795919,4.672448979591837,0.47753588643748834,-0.8786122450571482,8.1,34.9,59.8,88.3
2021-06-04,0.0,159.81820622986035,3.159919441460795,0.0,130.0,4.1,0.0,42.0,4.1,0.0,71.83673469387755,4.667346938775511,0.4623829729035151,-0.8866803180227399,8.1,34.9,59.8,88.3
2021-06-05,0.0,151.13829215896885,2.1377712137486573,0.0,128.88506981740065,3.939527389903329,0.0,42.0,4.1,0.0,69.66836734693878,4.252551020408164,0.44709379298511426,-0.8944870822287954,8.1,34.9,59.8,88.3
2021-06-06,0.0,149.077873254565,1.9161546723952738,0.0,125.44683136412459,3.502470461868958,0.0,42.0,4.1,0.2,67.45408163265306,3.90969387755102,0.43167285247378384,-0.9020302369860707,8.1,34.9,59.8,88.3
2021-06-07,0.0,149.0,1.9083673469387754,0.0,125.59398496240603,3.5026315789473683,0.2,40.04081632653061,3.757142857142857,0.0,67.38265306122449,3.8622448979591835,0.4161246959914746,-0.9093075592922357,8.1,34.9,59.8,88.3
2021-06-08,8.8,149.0,1.9111224489795917,1.8,120.19656283566057,2.8706766917293236,0.4,38.0,3.4,0.0,66.83673469387755,3.7642857142857142,0.4004539056512664,-0.9163169044870048,8.1,34.9,59.8,88.3
2021-06-09,4.8,149.0,1.9172448979591836,0.4,118.0,2.6,8.8,38.0,3.4,2.6,59.69387755102041,2.711224489795918,0.3846650997070012,-0.923056206884176,8.1,34.9,59.8,88.3
2021-06-10,0.0,149.0,1.9083673469387754,0.0,118.0,2.6,0.2,38.0,3.4,0.2,64.58163265306122,3.388775510204082,0.3687629311922603,-0.9295234803804002,8.1,34.9,59.8,88.3
2021-06-11,0.0,149.0,1.9083673469387754,0.0,118.0,2.6,0.0,38.0,3.4,0.0,67.02551020408163,3.8040816326530615,0.352752086549095,-0.9357168190404935,8.1,34.9,59.8,88.3
2021-06-12,0.0,149.0,1.9083673469387754,33.800000000000004,117.98718557190318,2.539097744360902,18.4,38.0,3.4,0.0,67.3061224489796,3.8591836734693876,0.3366372842469106,-0.9416343976591258,8.1,34.9,59.8,88.3
2021-06-13,0.0,149.0,1.9027551020408162,0.0,117.74584717607975,1.7700859291084856,0.0,38.0,3.4,0.8,65.83163265306122,3.589795918367347,0.3204232733919116,-0.9472744722987168,8.1,34.9,59.8,88.3
2021-06-14,0.0,149.0,1.92,0.0,117.4202657807309,1.6510204081632653,0.0,37.86466165413534,3.3729323308270676,0.0,63.47619047619048,3.2578231292517006,0.30411483232751846,-0.9526353808033824,8.1,34.9,59.8,88.3
2021-06-15,0.0,149.0,1.9172448979591836,1.5999999999999999,117.077993988293,1.7861224489795917,0.0,36.15574650912997,3.031149301825993,0.0,60.646258503401356,2.7906462585034015,0.2877167672261668,-0.9577155432887804,8.1,34.9,59.8,88.3
2021-06-16,0.0,149.0,1.9083673469387754,0.0,116.27380952380953,1.8603061224489796,0.0,36.0,3.0,8.2,61.76020408163265,2.9566326530612246,0.27123391067291,-0.9625134626077081,8.1,34.9,59.8,88.3
2021-06-17,0.0,149.0,1.9083673469387754,0.4,116.0,1.6818367346938774,0.0,36.0,3.0,0.0,60.295918367346935,2.736224489795918,0.2546711202412288,-0.9670277247913204,8.1,34.9,59.8,88.3
2021-06-18,17.6,149.0,1.9111224489795917,1.6,116.0,1.628877551020408,7.2,36.0,3.0,0.6000000000000001,61.91326530612245,2.966326530612245,0.2380332770614858,-0.9712569994658313,8.1,34.9,59.8,88.3
2021-06-19,0.0,149.0,1.9116326530612244,0.2,116.0,1.6044270015698585,0.0,36.0,3.0,0.0,64.28061224489795,3.329081632653061,0.22132528438243243,-0.9752000402445825,8.1,34.9,59.8,88.3
2021-06-20,0.0,149.0,1.9172448979591836,0.0,116.02186588921282,2.082715855572998,0.0,36.0,3.0,0.0,63.16836734693877,3.188775510204082,0.2045520661262008,-0.9788556850953578,8.1,34.9,59.8,88.3
2021-06-21,0.0,149.0,1.9083673469387754,0.0,116.67274052478133,2.0782361516034986,0.0,35.02040816326531,2.853061224489796,0.0,64.67857142857143,3.3892857142857142,0.18771856543719884,-0.9822228566828406,8.1,34.9,59.8,88.3
2021-06-22,0.0,149.0,1.9083673469387754,0.0,116.52721088435374,2.452721088435374,0.0,34.0,2.7,0.0,63.066326530612244,3.1362244897959184,0.17082974322534442,-0.985300562686109,8.1,34.9,59.8,88.3
2021-06-23,0.0,149.0,1.9083673469387754,0.0,115.86054421768708,2.386054421768707,0.0,34.0,2.7,0.0,62.07142857142857,2.9913265306122447,0.15389057670406214,-0.9880878960910771,8.1,34.9,59.8,88.3
2021-06-24,0.0,149.0,1.9083673469387754,0.2,115.18658892128279,2.31865889212828,0.0,34.0,2.7,0.0,63.714285714285715,3.2443877551020406,0.13690605792347574,-0.9905840354577969,8.1,34.9,59.8,88.3
2021-06-25,0.0,149.0,1.9083673469387754,0.0,114.31268221574344,2.231268221574344,0.0,33.86466165413534,2.686466165413534,0.0,60.923469387755105,2.8321428571428573,0.11988119229922782,-0.9927882451625399,8.1,34.9,59.8,88.3
2021-06-26,0.0,149.0,1.9083673469387754,0.0,113.97619047619047,2.197619047619048,0.0,32.15574650912997,2.515574650912997,0.0,57.05102040816327,2.3387755102040817,0.10282099713736025,-0.9946998756145891,8.1,34.9,59.8,88.3
2021-06-27,0.0,149.0,1.9,0.0,113.27380952380953,2.1273809523809524,0.0,32.0,2.5,0.0,55.01020408163265,2.1214285714285714,0.0857305001556943,-0.9963183634476755,8.1,34.9,59.8,88.3
2021-06-28,0.0,149.33834586466165,1.948968850698174,0.0,113.0,2.1,0.0,32.97959183673469,2.5979591836734697,0.0,63.66326530612245,3.3566326530612245,0.0686147380021341,-0.9976432316860063,8.1,34.9,59.8,88.3
2021-06-29,0.6,153.6106337271751,2.4498321697099894,1.0,112.97813411078718,2.0956268221574343,0.8,34.0,2.7,0.0,65.10204081632654,3.5255102040816326,0.05147875477034673,-0.9986740898848305,8.1,34.9,59.8,88.3
2021-06-30,0.0,154.06887755102042,2.481887755102041,0.0,112.31268221574344,1.962536443148688,0.0,34.0,2.7,0.0,60.48979591836735,2.791326530612245,0.03432760051324382,-0.9994106342455052,8.1,34.9,59.8,88.3
2021-07-01,0.2,154.9936895810956,2.5882720193340494,4.8,112.0,1.9,0.2,34.0,2.7,2.6,63.89795918367347,3.2642857142857142,0.01716632975470737,-0.9998526477050269,8.1,34.9,59.8,88.3
2021-07-02,3.4000000000000004,155.00120837808808,2.5862177765843177,1.8,113.4065085493657,2.086569222283508,0.0,34.97959183673469,2.8469387755102042,0.2,63.44897959183673,3.1989795918367347,1.2246467991473532e-16,-1.0,8.1,34.9,59.8,88.3
2021-07-03,0.0,154.92602040816325,2.571045918367347,0.4,115.93918918918918,2.393918918918919,0.0,36.0,3.0,0.0,65.83673469387755,3.5841836734693877,-0.017166329754707124,-0.9998526477050269,8.1,34.9,59.8,88.3
2021-07-04,0.0,155.48979591836735,2.648979591836735,1.6,121.779666692932,3.089045386494366,3.8000000000000003,36.13533834586466,3.0270676691729324,0.8,64.28571428571429,3.358673469387755,-0.03432760051324313,-0.9994106342455054,8.1,34.9,59.8,88.3
2021-07-05,0.0,155.50510204081633,2.6400510204081633,0.0,120.33892128279884,2.8973032069970848,0.0,37.84425349087003,3.3688506981740067,0.0,65.78061224489795,3.562244897959184,-0.051478754770346045,-0.9986740898848305,8.1,34.9,59.8,88.3
2021-07-06,0.0,155.0,2.6,0.0,119.0,2.7,0.0,38.0,3.4,0.0,64.14285714285714,3.3056122448979592,-0.06861473800213432,-0.9976432316860063,8.1,34.9,59.8,88.3
2021-07-07,0.0,155.0,2.6,0.0,119.41836734693878,2.7418367346938775,0.0,38.0,3.4,0.0,63.82142857142857,3.2448979591836733,-0.0857305001556945,-0.9963183634476755,8.1,34.9,59.8,88.3
2021-07-08,0.0,155.0,2.5895408163265308,0.0,120.0,2.8,0.0,38.0,3.3888775510204083,0.0,65.66326530612245,3.539795918367347,-0.10282099713736044,-0.9946998756145891,8.1,34.9,59.8,88.3
2021-07-09,0.0,155.0,2.6,0.0,120.41836734693878,2.8418367346938775,0.0,37.86224489795919,3.357959183673469,0.0,63.33163265306123,3.186224489795918,-0.11988119229922714,-0.99278824516254,8.1,34.9,59.8,88.3
2021-07-10,0.0,155.0,2.6,0.0,121.0,2.9,0.0,36.14795918367347,3.049591836734694,0.0,61.57142857142857,2.955102040816327,-0.13690605792347504,-0.990584035457797,8.1,34.9,59.8,88.3
2021-07-11,0.0,155.0,2.6,0.0,121.0,2.9,0.0,36.0,3.0199999999999996,0.0,64.64285714285714,3.3795918367346935,-0.15389057670406148,-0.9880878960910772,8.1,34.9,59.8,88.3
2021-07-12,0.0,155.0,2.6,0.0,121.0,2.9,0.0,36.0,3.0199999999999996,0.0,63.505102040816325,3.2372448979591835,-0.17082974322534417,-0.985300562686109,8.1,34.9,59.8,88.3
2021-07-13,0.0,154.57277121374867,2.5468179377013964,0.0,121.0,2.9,0.0,37.54081632653061,3.3005102040816325,0.0,64.10204081632654,3.3331632653061223,-0.1877185654371986,-0.9822228566828407,8.1,34.9,59.8,88.3
2021-07-14,0.0,154.922126745435,2.5887687969924813,0.0,121.0,2.9,0.0,37.46938775510204,3.293877551020408,0.0,65.65816326530613,3.5581632653061224,-0.20455206612620058,-0.9788556850953579,8.1,34.9,59.8,88.3
2021-07-15,0.0,154.577873254565,2.5466903866809885,0.0,121.0,2.9,0.0,37.11734693877551,3.2234693877551024,0.0,64.96428571428571,3.4260204081632653,-0.22132528438243218,-0.9752000402445826,8.1,34.9,59.8,88.3
2021-07-16,1.2,154.49489795918367,2.5390306122448982,0.0,121.0,2.9,0.0,37.44897959183673,3.289795918367347,0.0,65.45918367346938,3.5081632653061225,-0.23803327706148514,-0.9712569994658315,8.1,34.9,59.8,88.3
2021-07-17,0.0,154.49489795918367,2.5390306122448982,3.8000000000000003,121.0,2.9,2.6,37.98979591836735,3.3918367346938774,2.0,64.14285714285714,3.312755102040816,-0.254671120241229,-0.9670277247913203,8.1,34.9,59.8,88.3
2021-07-18,0.0,154.5,2.5500000000000003,0.0,120.95714285714286,2.8957142857142855,0.0,38.23979591836735,3.413265306122449,0.2,61.13775510204081,2.877551020408163,-0.2712339106729102,-0.9625134626077081,8.1,34.9,59.8,88.3
2021-07-19,0.0,154.922126745435,2.5922126745435015,0.0,120.08877551020409,2.808877551020408,0.8,39.183673469387756,3.560204081632653,0.0,66.10204081632654,3.6418367346938774,-0.287716767226167,-0.9577155432887803,8.1,34.9,59.8,88.3
2021-07-20,0.0,154.57277121374867,2.5468179377013964,0.0,120.0,2.8,0.0,38.56122448979592,3.456122448979592,0.0,65.11734693877551,3.4596938775510204,-0.3041148323275178,-0.9526353808033826,8.1,34.9,59.8,88.3
2021-07-21,0.0,154.49489795918367,2.5390306122448982,0.0,120.48979591836735,2.8489795918367347,0.0,38.0,3.389795918367347,0.0,63.71938775510204,3.23265306122449,-0.32042327339191096,-0.947274472298717,8.1,34.9,59.8,88.3
2021-07-22,0.0,154.49489795918367,2.5390306122448982,0.0,121.0,2.9,0.0,37.52040816326531,3.3040816326530615,0.0,62.36224489795919,3.0520408163265307,-0.3366372842469099,-0.941634397659126,8.1,34.9,59.8,88.3
2021-07-23,0.0,154.5,2.5500000000000003,0.0,120.54591836734694,2.854591836734694,0.0,37.1530612244898,3.2306122448979595,0.0,64.53571428571429,3.36734693877551,-0.35275208654909473,-0.9357168190404936,8.1,34.9,59.8,88.3
2021-07-24,0.0,154.49489795918367,2.5390306122448982,0.0,120.0,2.8,0.0,36.89795918367347,3.1795918367346943,0.0,64.9438775510204,3.5729591836734693,-0.36876293119226006,-0.9295234803804003,8.1,34.9,59.8,88.3
2021-07-25,0.0,154.49489795918367,2.5390306122448982,0.0,120.0,2.8,0.0,36.86734693877551,3.173469387755102,0.0,62.55612244897959,3.1545918367346935,-0.38466509970700097,-0.9230562068841761,8.1,34.9,59.8,88.3
2021-07-26,0.0,154.49489795918367,2.5390306122448982,0.0,120.0,2.8,0.0,36.98979591836735,3.1979591836734698,0.0,63.005102040816325,3.18469387755102,-0.40045390565126615,-0.9163169044870049,8.1,34.9,59.8,88.3
2021-07-27,0.0,154.5,2.5500000000000003,0.0,120.0,2.8,0.0,37.18877551020408,3.2377551020408166,0.0,63.98979591836735,3.277551020408163,-0.4161246959914748,-0.9093075592922356,8.1,34.9,59.8,88.3
2021-07-28,0.0,154.5,2.5500000000000003,0.0,120.0,2.8,0.0,36.816326530612244,3.163265306122449,0.0,66.16836734693878,3.6510204081632653,-0.431672852473784,-0.9020302369860707,8.1,34.9,59.8,88.3
2021-07-29,11.2,154.98979591836735,2.5989795918367347,2.0,120.0,2.8,0.0,36.65816326530612,3.131632653061225,0.0,67.90306122448979,3.9581632653061223,-0.44709379298511404,-0.8944870822287955,8.1,34.9,59.8,88.3
2021-07-30,0.0,155.5,2.65,0.2,120.45408163265306,2.8454081632653057,0.0,36.61734693877551,3.1234693877551023,0.0,67.2295918367347,3.8316326530612246,-0.4623829729035149,-0.88668031802274,8.1,34.9,59.8,88.3
2021-07-31,0.0,155.5,2.65,0.0,121.0,2.9,0.0,37.81122448979592,3.3622448979591835,0.0,65.56632653061224,3.5749999999999997,-0.4775358864374881,-0.8786122450571483,8.1,34.9,59.8,88.3
2021-08-01,0.0,156.76638023630505,2.776638023630505,0.0,121.0,2.9,0.0,38.474489795918366,3.447448979591837,0.0,63.20918367346939,3.186224489795918,-0.4925480679538642,-0.8702852410301554,8.1,34.9,59.8,88.3
2021-08-02,0.0,155.73361976369495,2.673361976369495,0.0,121.0,2.9,0.0,38.5,3.45,0.0,65.51530612244898,3.593877551020408,-0.5074150932938452,-0.8617017599480683,8.1,34.9,59.8,88.3
2021-08-03,0.0,154.65574650912995,2.523361976369495,0.0,121.0,2.9,0.0,38.87755102040816,3.4887755102040816,0.0,62.392857142857146,3.1096938775510203,-0.5221325810768248,-0.8528643314021597,8.1,34.9,59.8,88.3
2021-08-04,0.0,155.34425349087005,2.626638023630505,0.0,121.0,2.9,0.0,38.58163265306123,3.456122448979592,0.0,64.52551020408163,3.3596938775510203,-0.5366961939916003,-0.8437755598231858,8.1,34.9,59.8,88.3
2021-08-05,0.0,155.922126745435,2.692212674543502,0.0,121.48979591836735,2.9979591836734696,0.0,37.98979591836735,3.3979591836734695,0.0,63.505102040816325,3.2142857142857144,-0.5511016400745998,-0.8344381237138474,8.1,34.9,59.8,88.3
2021-08-06,0.0,156.0,2.7,0.0,122.0,3.1,0.0,38.0,3.4,0.0,62.58673469387755,3.061734693877551,-0.5653446739747425,-0.8248547748594246,8.1,34.9,59.8,88.3
2021-08-07,0.0,156.0,2.7,0.0,121.95714285714286,3.0914285714285716,0.0,37.97959183673469,3.395918367346939,0.0,64.89795918367346,3.4489795918367347,-0.5794210982045637,-0.8150283375168114,8.1,34.9,59.8,88.3
2021-08-08,0.0,156.0,2.7,0.0,121.08877551020409,2.9177551020408163,0.0,37.69387755102041,3.3387755102040817,0.0,68.51530612244898,4.05969387755102,-0.5933267643772321,-0.8049617075821958,8.1,34.9,59.8,88.3
2021-08-09,0.0,155.577873254565,2.6577873254564985,0.0,121.0,2.9,0.0,37.87755102040816,3.3755102040816327,0.0,57.724489795918366,2.5642857142857145,-0.6070575744291004,-0.794657851737625,8.1,34.9,59.8,88.3
2021-08-10,0.0,155.63533834586465,2.6635338345864663,0.0,121.0,2.9,0.0,38.03061224489796,3.4030612244897958,0.0,56.0969387755102,2.1959183673469385,-0.6206094818274228,-0.7841198065767104,8.1,34.9,59.8,88.3
2021-08-11,0.0,156.922126745435,2.7922126745435016,0.0,121.06766917293233,2.9135338345864663,0.0,37.265306122448976,3.256122448979592,0.0,60.90816326530612,2.8280612244897956,-0.6339784927628865,-0.77335067770973,8.1,34.9,59.8,88.3
2021-08-12,0.0,157.0,2.8,0.0,121.92212674543502,3.0844253490870033,0.0,37.80612244897959,3.361224489795918,0.4,66.8061224489796,3.8,-0.6471606673266059,-0.7623536388483905,8.1,34.9,59.8,88.3
2021-08-13,0.0,157.5574650912997,2.862513426423201,0.0,122.0,3.1,0.0,39.09183673469388,3.5418367346938777,0.0,63.683673469387756,3.2367346938775508,-0.6601521206712315,-0.7511319308705201,8.1,34.9,59.8,88.3
2021-08-14,0.0,159.76638023630505,3.1688506981740066,0.0,122.0,3.1,0.0,38.70918367346939,3.46530612244898,0.0,62.275510204081634,3.020408163265306,-0.6729490241558326,-0.7396888608649671,8.1,34.9,59.8,88.3
2021-08-15,0.0,160.84425349087005,3.2844253490870035,0.0,122.9938775510204,3.203673469387755,0.0,39.95918367346939,3.6918367346938776,0.0,65.59183673469387,3.551530612244898,-0.6855476064742154,-0.7280278011569848,8.1,34.9,59.8,88.3
2021-08-16,0.0,159.31149301825994,3.0889366272824916,0.0,125.82244897959184,3.5733673469387757,0.0,41.55612244897959,3.996938775510204,0.0,64.1938775510204,3.35,-0.6979441547663433,-0.7161521883143935,8.1,34.9,59.8,88.3
2021-08-17,0.0,159.0,3.05,0.0,126.45408163265306,3.645408163265306,0.0,42.16326530612245,4.1112244897959185,0.0,47.71938775510204,1.2489795918367348,-0.7101350157125356,-0.7040655221348059,8.1,34.9,59.8,88.3
2021-08-18,0.0,159.84425349087005,3.176638023630505,0.0,126.54591836734694,3.6545918367346943,0.0,41.98979591836735,4.094897959183673,0.0,46.90816326530612,1.2102040816326531,-0.7221165966101161,-0.691771364614222,8.1,34.9,59.8,88.3
2021-08-19,0.0,159.15574650912995,3.0733619763694953,0.0,126.0,3.6,0.0,41.84183673469388,4.068367346938776,0.0,59.224489795918366,2.590816326530612,-0.7338853664321993,-0.6792733388972929,8.1,34.9,59.8,88.3
2021-08-20,0.0,159.0,3.05,0.0,126.04285714285714,3.6042857142857145,0.0,42.08673469387755,4.101020408163265,0.0,62.55612244897959,3.063775510204082,-0.7454378568683003,-0.6665751282095631,8.1,34.9,59.8,88.3
2021-08-21,0.0,159.0,3.05,0.2,126.45714285714286,3.645714285714286,0.2,42.16836734693877,4.1168367346938775,0.0,61.56122448979592,3.035510204081633,-0.7567706633464625,-0.653680474772006,8.1,34.9,59.8,88.3
2021-08-22,0.0,158.98979591836735,3.0505612244897957,0.0,126.0,3.6,0.0,42.3469387755102,4.134693877551021,0.0,63.72959183673469,3.246428571428571,-0.7678804460366,-0.6405931786981752,8.1,34.9,59.8,88.3
2021-08-23,0.0,159.0,3.05,0.0,126.0,3.6,0.0,42.515306122448976,4.151530612244898,0.0,62.05612244897959,2.9867346938775508,-0.7787639308347605,-0.627317096874294,8.1,34.9,59.8,88.3
2021-08-24,0.0,159.0,3.05,0.0,125.95714285714286,3.5914285714285716,0.0,43.07142857142857,4.220408163265306,0.0,62.81122448979592,3.121428571428571,-0.7894179103280194,-0.6138561418226122,8.1,34.9,59.8,88.3
2021-08-25,0.0,159.9795918367347,3.190171858216971,0.0,125.57857142857144,3.515714285714286,0.0,42.80612244897959,4.1846938775510205,0.0,61.025510204081634,2.8933673469387755,-0.7998392447397191,-0.6002142805483686,8.1,34.9,59.8,88.3
2021-08-26,0.0,161.0,3.3,0.0,126.0,3.6,0.0,42.41326530612245,4.141326530612244,0.0,68.63265306122449,4.095918367346939,-0.8100248628547748,-0.5863955333706962,8.1,34.9,59.8,88.3
2021-08-27,0.0,160.86466165413535,3.286466165413534,0.0,126.0,3.6,0.0,42.54081632653061,4.154081632653061,0.0,61.88265306122449,3.2081632653061223,-0.8199717629247767,-0.5724039727378154,8.1,34.9,59.8,88.3
2021-08-28,0.0,160.9795918367347,3.2979591836734694,0.0,126.0,3.6,0.0,43.19387755102041,4.239795918367347,0.0,58.64795918367347,2.6923469387755103,-0.8296770135526185,-0.5582437220268655,8.1,34.9,59.8,88.3
2021-08-29,0.0,163.7561761546724,3.6600429645542425,0.0,126.0,3.6,0.0,43.275510204081634,4.255102040816326,0.0,63.39795918367347,3.2168367346938775,-0.8391377545563938,-0.5439189543287248,8.1,34.9,59.8,88.3
2021-08-30,0.0,161.89957035445758,3.405531686358754,0.0,126.9795918367347,3.6979591836734693,0.0,43.994897959183675,4.398979591836735,0.0,61.89795918367347,2.990816326530612,-0.8483511978123038,-0.5294338912181854,8.1,34.9,59.8,88.3
2021-08-31,0.0,161.0,3.3,0.0,128.0,3.8,0.0,44.41326530612245,4.4826530612244895,0.0,67.6734693877551,3.9056122448979593,-0.8573146280763322,-0.514792801509831,8.1,34.9,59.8,88.3
2021-09-01,0.0,161.0,3.3,0.0,128.0,3.8,0.0,43.98979591836735,4.39795918367347,0.0,68.35714285714286,4.030612244897959,-0.8660254037844385,-0.5000000000000004,8.1,34.9,59.8,88.3
2021-09-02,0.0,161.0,3.3,0.0,128.0,3.8,0.0,43.89795918367347,4.379591836734694,0.0,67.8061224489796,3.93469387755102,-0.8744809578310394,-0.4850598461951967,8.1,34.9,59.8,88.3
2021-09-03,0.0,161.0,3.3,0.0,128.0,3.8,0.0,43.68877551020408,4.337755102040816,0.0,65.64795918367346,3.558673469387755,-0.8826787983255475,-0.4699767430273199,8.1,34.9,59.8,88.3
2021-09-04,0.0,161.48979591836735,3.3489795918367347,0.0,128.0,3.8,0.0,43.57142857142857,4.314285714285714,0.2,63.035714285714285,3.1443877551020405,-0.8906165093267404,-0.45475513555610575,8.1,34.9,59.8,88.3
2021-09-05,0.0,162.3544575725027,3.4354457572502684,0.0,128.0,3.8,0.0,43.90816326530612,4.381632653061224,0.0,63.80612244897959,3.2586734693877553,-0.8982917515547529,-0.43939950965914165,8.1,34.9,59.8,88.3
2021-09-06,0.0,161.08807733619764,3.3088077336197634,0.0,128.0,3.8,0.0,44.11734693877551,4.423469387755102,0.0,64.41326530612245,3.354591836734694,-0.9057022630804714,-0.42391439070986087,8.1,34.9,59.8,88.3
2021-09-07,0.0,160.43233082706766,3.243233082706767,0.0,128.0,3.8,0.0,44.48979591836735,4.497959183673469,0.0,64.61734693877551,3.4035714285714285,-0.9128458599921354,-0.40830434224389367,8.1,34.9,59.8,88.3
2021-09-08,0.0,160.0,3.2,0.0,127.09183673469387,3.7091836734693877,0.0,43.71938775510204,4.343877551020409,0.0,63.066326530612244,3.163775510204082,-0.9197204370389468,-0.3925739646141714,8.1,34.9,59.8,88.3
2021-09-09,0.0,159.15574650912995,3.0733619763694953,0.0,126.0,3.6,0.0,42.51020408163265,4.1499999999999995,0.0,66.78571428571429,3.794897959183673,-0.9263239682514951,-0.3767278936351848,8.1,34.9,59.8,88.3
2021-09-10,0.0,158.93233082706766,3.036466165413534,0.0,126.0,3.6,0.0,41.94897959183673,4.085204081632653,0.0,64.95408163265306,3.45,-0.9326545075388225,-0.3607707992167831,8.1,34.9,59.8,88.3
2021-09-11,0.0,158.56766917293234,2.963533834586466,0.0,126.0,3.6,0.0,41.795918367346935,4.058163265306122,0.0,64.50510204081633,3.36734693877551,-0.9387101892619443,-0.3447073839879337,8.1,34.9,59.8,88.3
2021-09-12,0.0,160.7561761546724,3.2678302900107408,0.0,126.0,3.6,0.0,41.80612244897959,4.061224489795919,0.0,65.46938775510205,3.537755102040816,-0.9444892287836613,-0.32854238191083474,8.1,34.9,59.8,88.3
2021-09-13,0.0,159.7438238453276,3.132169709989259,0.0,126.0,3.6,0.0,42.03061224489796,4.10204081632653,0.0,61.54081632653061,2.9571428571428573,-0.9499899229945009,-0.3122805568857948,8.1,34.9,59.8,88.3
2021-09-14,0.0,159.422126745435,3.092212674543502,0.0,126.0,3.6,0.0,42.33673469387755,4.133673469387754,0.0,59.51020408163265,2.6295918367346935,-0.9552106508146316,-0.29592670134728966,8.1,34.9,59.8,88.3
2021-09-15,0.0,159.56766917293234,3.1067669172932333,2.8,125.51020408163265,3.5020408163265304,0.0,41.97959183673469,4.095918367346939,0.0,63.59183673469388,3.225510204081633,-0.9601498736716017,-0.2794856348516098,8.1,34.9,59.8,88.3
2021-09-16,0.0,159.93233082706766,3.1432330827067667,0.0,125.45408163265306,3.4908163265306125,0.0,42.16326530612245,4.116326530612245,0.0,65.23979591836735,3.5142857142857142,-0.9648061359537644,-0.2629622026565152,8.1,34.9,59.8,88.3
2021-09-17,0.0,159.5,3.1,0.0,126.0,3.6,0.0,42.37244897959184,4.137244897959183,0.0,62.576530612244895,3.09030612244898,-0.9691780654392534,-0.24636127429331536,8.1,34.9,59.8,88.3
2021-09-18,0.0,159.5,3.1,0.0,125.54591836734694,3.5091836734693875,0.0,41.78061224489796,4.0561224489795915,0.0,62.714285714285715,3.0954081632653065,-0.9732643737003823,-0.2296877421317963,8.1,34.9,59.8,88.3
2021-09-19,0.0,159.922126745435,3.1844253490870034,0.0,125.0,3.4,0.0,42.45918367346939,4.154081632653061,0.0,60.755102040816325,2.813265306122449,-0.9770638564833508,-0.21294651993841573,8.1,34.9,59.8,88.3
2021-09-20,0.0,160.0,3.2,0.0,125.0,3.4,0.0,41.964285714285715,4.091326530612244,0.0,63.44387755102041,3.2035714285714283,-0.9805753940631429,-0.19614254142819712,8.1,34.9,59.8,88.3
2021-09-21,0.0,159.577873254565,3.115574650912997,0.0,125.0,3.4,0.0,42.58163265306123,4.158163265306122,0.0,66.40306122448979,3.688775510204082,-0.9837979515735163,-0.1792807588107359,8.1,34.9,59.8,88.3
2021-09-22,0.0,159.922126745435,3.1844253490870034,0.0,125.0,3.4,0.0,42.02040816326531,4.101020408163265,0.0,61.36224489795919,2.89234693877551,-0.9867305793119814,-0.16236614133076413,8.1,34.9,59.8,88.3
2021-09-23,0.0,159.577873254565,3.115574650912997,0.0,124.54591836734694,3.354591836734694,0.0,41.75,4.05,0.0,62.72959183673469,3.090816326530612,-0.9893724130196829,-0.14540367380369032,8.1,34.9,59.8,88.3
2021-09-24,0.0,159.5,3.1,0.0,124.0,3.3,0.0,41.40816326530612,3.9816326530612245,0.0,64.39795918367346,3.379081632653061,-0.9917226741361014,-0.12839835514655154,8.1,34.9,59.8,88.3
2021-09-25,0.0,159.5,3.1,0.0,123.54591836734694,3.2545918367346935,0.0,41.41836734693877,3.983673469387755,0.0,68.28061224489795,4.011734693877551,-0.9937806700284985,-0.11135519690480865,8.1,34.9,59.8,88.3
2021-09-26,0.0,160.41192266380236,3.233404940923738,0.0,123.0,3.2,0.0,41.01020408163265,3.9020408163265303,0.0,67.89285714285714,3.9576530612244896,-0.9955457941960382,-0.09427922177542443,8.1,34.9,59.8,88.3
2021-09-27,0.0,160.577873254565,3.257787325456498,0.0,123.45408163265306,3.2454081632653065,0.0,41.38265306122449,3.976530612244898,0.0,65.73979591836735,3.565816326530612,-0.9970175264485267,-0.07717546212664643,8.1,34.9,59.8,88.3
2021-09-28,0.0,160.5,3.25,0.0,124.45408163265306,3.3454081632653057,0.0,42.05612244897959,4.102551020408163,0.0,65.49489795918367,3.516326530612245,-0.998195433059714,-0.06004895851494849,8.1,34.9,59.8,88.3
2021-09-29,0.0,160.5,3.25,0.0,124.54591836734694,3.354591836734694,0.0,39.857142857142854,3.7204081632653057,0.0,64.16836734693878,3.3040816326530615,-0.9990791668951153,-0.04290475819955383,8.1,34.9,59.8,88.3
2021-09-30,0.0,160.077873254565,3.1655746509129967,0.0,123.796992481203,3.2729323308270675,0.0,41.795918367346935,4.043877551020408,0.0,63.57142857142857,3.2096938775510204,-0.9996684675143132,-0.025747913654988113,8.1,34.9,59.8,88.3
2021-10-01,0.0,160.0,3.15,0.0,123.2234156820623,3.1964554242749728,0.0,41.3469387755102,3.9693877551020407,0.0,63.30102040816327,3.170408163265306,-0.9999631612477099,-0.008583481082086734,8.1,34.9,59.8,88.3
2021-10-02,0.0,160.422126745435,3.234425349087003,0.0,124.48979591836735,3.3489795918367347,0.0,41.33673469387755,3.9673469387755103,0.0,61.097539015606245,2.91281512605042,-0.9999631612477099,0.008583481082087254,8.1,34.9,59.8,88.3
2021-10-03,0.0,160.922126745435,3.2922126745435016,0.0,125.0,3.4,0.0,42.36734693877551,4.136734693877551,0.0,64.03001200480192,3.3320828331332533,-0.999668467514313,0.025747913654988634,8.1,34.9,59.8,88.3
2021-10-04,0.0,160.08807733619764,3.1665950590762617,0.0,125.0,3.4,0.0,43.07142857142857,4.214285714285714,0.0,64.3265306122449,3.3428571428571425,-0.9990791668951153,0.04290475819955435,8.1,34.9,59.8,88.3
2021-10-05,0.0,160.8340494092374,3.27561761546724,0.0,124.81919642857143,3.3819196428571425,0.0,43.53061224489796,4.3061224489795915,0.0,64.76530612244898,3.3918367346938774,-0.998195433059714,0.06004895851494813,8.1,34.9,59.8,88.3
2021-10-06,0.0,160.65574650912995,3.265574650912997,0.0,123.92059948979592,3.30124362244898,0.0,42.857142857142854,4.1938775510204085,0.0,66.37244897959184,3.698469387755102,-0.9970175264485267,0.07717546212664607,8.1,34.9,59.8,88.3
2021-10-07,2.0,160.5,3.25,0.0,125.40816326530613,3.495918367346939,0.0,42.96938775510204,4.196938775510204,0.0,58.96938775510204,2.5602040816326532,-0.9955457941960382,0.09427922177542405,8.1,34.9,59.8,88.3
2021-10-08,0.0,160.5,3.25,0.0,125.55102040816327,3.506122448979592,0.0,42.96938775510204,4.196938775510204,0.0,58.142857142857146,2.4693877551020407,-0.9937806700284985,0.11135519690480827,8.1,34.9,59.8,88.3
2021-10-09,0.0,159.1659505907626,3.0743823845327602,0.0,125.70408163265306,3.527551020408163,0.0,42.923469387755105,4.19234693877551,0.0,62.66326530612245,3.1137755102040816,-0.9917226741361016,0.1283983551465503,8.1,34.9,59.8,88.3
2021-10-10,0.0,159.9017185821697,3.182384532760473,0.0,124.7704081632653,3.408673469387755,0.0,42.91836734693877,4.191836734693878,0.0,66.41326530612245,3.683673469387755,-0.9893724130196829,0.14540367380368996,8.1,34.9,59.8,88.3
2021-10-11,0.0,160.80141074335324,3.279110146500271,0.0,127.04123711340206,3.7041237113402063,0.0,42.608247422680414,4.15979381443299,0.0,66.8298969072165,3.765979381443299,-0.9867305793119814,0.16236614133076377,8.1,34.9,59.8,88.3
2021-10-12,0.0,160.20833333333334,3.202083333333333,0.0,126.55208333333333,3.6437500000000003,0.0,43.572916666666664,4.314583333333334,0.0,66.48958333333333,3.6979166666666665,-0.9837979515735163,0.17928075881073555,8.1,34.9,59.8,88.3
2021-10-13,0.0,160.23958333333334,3.202083333333333,0.0,125.90625,3.5572916666666665,0.0,43.072916666666664,4.226041666666666,0.0,67.04166666666667,3.808333333333333,-0.980575394063143,0.19614254142819676,8.1,34.9,59.8,88.3
2021-10-14,0.0,160.5625,3.2395833333333335,0.0,125.72916666666667,3.5385416666666667,0.0,42.552083333333336,4.155208333333333,0.0,66.64583333333333,3.7291666666666665,-0.9770638564833509,0.21294651993841537,8.1,34.9,59.8,88.3
2021-10-15,0.0,161.9375,3.3947916666666664,0.0,125.57291666666667,3.515625,0.0,42.71875,4.171875,0.0,66.22916666666667,3.6479166666666667,-0.9732643737003827,0.22968774213179508,8.1,34.9,59.8,88.3
2021-10-16,0.0,162.64583333333334,3.484375,0.0,126.5625,3.6531249999999997,0.0,42.395833333333336,4.139583333333333,0.0,62.8125,3.1264583333333333,-0.9691780654392538,0.24636127429331414,8.1,34.9,59.8,88.3
2021-10-17,0.0,163.8125,3.655208333333334,0.0,127.375,3.7375000000000003,0.0,43.208333333333336,4.241666666666667,0.0,64.06770833333333,3.3255208333333335,-0.9648061359537647,0.262962202656514,8.1,34.9,59.8,88.3
2021-10-18,0.0,163.21875,3.5729166666666665,0.0,128.51041666666666,3.8510416666666667,0.0,44.020833333333336,4.404166666666667,0.0,67.02083333333333,3.8041666666666667,-0.9601498736716018,0.2794856348516095,8.1,34.9,59.8,88.3
2021-10-19,0.0,162.65625,3.485416666666667,0.0,127.85416666666667,3.7864583333333335,0.0,44.802083333333336,4.560416666666666,0.0,67.53125,3.90625,-0.9552106508146317,0.2959267013472893,8.1,34.9,59.8,88.3
2021-10-20,0.0,162.77083333333334,3.5031250000000003,0.0,127.63541666666667,3.7624999999999997,0.0,45.322916666666664,4.664583333333333,0.0,68.15625,4.014583333333333,-0.9499899229945011,0.3122805568857945,8.1,34.9,59.8,88.3
2021-10-21,0.0,163.01041666666666,3.5197916666666664,0.0,127.98958333333333,3.798958333333333,0.0,45.875,4.7749999999999995,0.0,68.85416666666667,4.08125,-0.9444892287836614,0.3285423819108344,8.1,34.9,59.8,88.3
2021-10-22,0.0,163.46875,3.595833333333333,0.0,128.19791666666666,3.8197916666666667,0.0,45.947916666666664,4.789583333333333,0.0,69.51041666666667,4.202083333333333,-0.938710189261944,0.3447073839879342,8.1,34.9,59.8,88.3
2021-10-23,0.0,163.625,3.61875,0.0,128.3125,3.8312500000000003,0.0,45.979166666666664,4.795833333333333,0.0,69.66145833333333,4.233333333333333,-0.9326545075388223,0.3607707992167836,8.1,34.9,59.8,88.3
2021-10-24,0.0,164.04166666666666,3.691666666666667,0.0,128.25,3.826041666666667,0.4,46.135416666666664,4.827083333333333,0.0,69.79166666666667,4.260416666666667,-0.9263239682514949,0.3767278936351853,8.1,34.9,59.8,88.3
2021-10-25,0.0,163.51041666666666,3.6062499999999997,0.0,128.78125,3.8802083333333335,0.0,46.40625,4.88125,0.0,69.91666666666667,4.283333333333333,-0.9197204370389466,0.3925739646141719,8.1,34.9,59.8,88.3
2021-10-26,0.0,162.95833333333334,3.5270833333333336,0.0,127.64583333333333,3.767708333333333,0.0,46.479166666666664,4.895833333333333,0.0,69.72916666666667,4.245833333333333,-0.9128458599921356,0.40830434224389334,8.1,34.9,59.8,88.3
2021-10-27,0.0,163.11458333333334,3.544791666666667,0.0,127.3125,3.7312499999999997,0.0,45.864583333333336,4.772916666666666,0.0,69.73958333333333,4.247916666666666,-0.9057022630804715,0.42391439070986053,8.1,34.9,59.8,88.3
2021-10-28,0.0,163.25,3.5708333333333333,0.0,127.40625,3.740625,0.0,45.6875,4.7375,0.0,69.59375,4.21875,-0.898291751554753,0.4393995096591413,8.1,34.9,59.8,88.3
2021-10-29,0.0,163.23958333333334,3.5593749999999997,0.0,127.19791666666667,3.719791666666667,0.0,45.583333333333336,4.716666666666666,0.0,69.3125,4.1656249999999995,-0.8906165093267406,0.4547551355561054,8.1,34.9,59.8,88.3
2021-10-30,0.0,163.27083333333334,3.580208333333333,0.0,126.98958333333333,3.6989583333333336,0.0,45.46875,4.69375,0.0,69.52083333333333,4.204166666666667,-0.8826787983255476,0.46997674302731957,8.1,34.9,59.8,88.3
2021-10-31,0.0,162.83333333333334,3.49375,7.4,126.92708333333333,3.688541666666667,0.0,45.510416666666664,4.702083333333333,2.8,69.86458333333333,4.2749999999999995,-0.8744809578310401,0.4850598461951956,8.1,34.9,59.8,88.3
2021-11-01,0.0,162.75555555555556,3.478888888888889,0.2,127.90584795321637,3.7905847953216374,0.0,45.91111111111111,4.782222222222222,0.0,69.77777777777777,4.2555555555555555,-0.8660254037844386,0.5000000000000001,8.1,34.9,59.8,88.3
2021-11-02,0.0,162.14583333333334,3.4145833333333333,0.2,128.52576754385964,3.852576754385965,0.0,46.1875,4.8374999999999995,0.0,69.79166666666667,4.2593749999999995,-0.8573146280763323,0.5147928015098306,8.1,34.9,59.8,88.3
2021-11-03,0.0,162.16666666666666,3.4166666666666665,0.0,127.63541666666667,3.764583333333333,0.0,46.479166666666664,4.895833333333333,0.0,69.90625,4.28125,-0.848351197812304,0.5294338912181851,8.1,34.9,59.8,88.3
2021-11-04,0.0,162.38541666666666,3.438541666666667,0.0,126.98958333333333,3.6989583333333336,0.0,45.885416666666664,4.777083333333333,0.0,70.36458333333333,4.372916666666667,-0.8391377545563939,0.5439189543287245,8.1,34.9,59.8,88.3
2021-11-05,0.0,161.54166666666666,3.3541666666666665,0.0,126.89583333333333,3.688541666666667,0.0,45.625,4.725,0.0,70.11458333333333,4.322916666666667,-0.8296770135526191,0.5582437220268645,8.1,34.9,59.8,88.3
2021-11-06,0.0,161.3125,3.3312500000000003,0.0,125.78125,3.5427083333333336,0.0,45.677083333333336,4.735416666666667,0.0,69.85416666666667,4.270833333333333,-0.8199717629247775,0.5724039727378144,8.1,34.9,59.8,88.3
2021-11-07,0.0,162.8804347826087,3.51195652173913,0.0,125.96739130434783,3.5706521739130435,0.0,45.57608695652174,4.715217391304347,0.0,68.79347826086956,4.103260869565218,-0.8100248628547756,0.5863955333706952,8.1,34.9,59.8,88.3
2021-11-08,0.0,163.34375,3.576041666666667,0.0,128.92708333333334,3.920833333333333,0.0,45.65625,4.73125,0.0,70.09895833333333,4.319791666666666,-0.7998392447397198,0.6002142805483676,8.1,34.9,59.8,88.3
2021-11-09,0.0,162.47916666666666,3.4625,0.0,127.95833333333333,3.8072916666666665,0.0,46.854166666666664,4.970833333333333,0.0,70.28125,4.35625,-0.7894179103280197,0.613856141822612,8.1,34.9,59.8,88.3
2021-11-10,0.0,162.16666666666666,3.43125,0.0,126.58333333333333,3.6374999999999997,0.0,46.572916666666664,4.914583333333334,0.0,70.64583333333333,4.429166666666666,-0.7787639308347607,0.6273170968742937,8.1,34.9,59.8,88.3
2021-11-11,0.0,162.0,3.4,0.0,126.51041666666667,3.646875,0.0,45.739583333333336,4.747916666666666,0.0,70.44791666666667,4.389583333333333,-0.7678804460366002,0.640593178698175,8.1,34.9,59.8,88.3
2021-11-12,0.0,162.08333333333334,3.408333333333333,0.0,126.94791666666667,3.69375,0.0,45.145833333333336,4.629166666666666,0.0,70.05208333333333,4.310416666666667,-0.7567706633464628,0.6536804747720056,8.1,34.9,59.8,88.3
2021-11-13,0.0,161.98958333333334,3.3989583333333333,0.0,126.52083333333333,3.641666666666667,0.0,45.427083333333336,4.685416666666666,0.0,69.6875,4.2375,-0.7454378568682999,0.6665751282095634,8.1,34.9,59.8,88.3
2021-11-14,0.0,162.67708333333334,3.470833333333333,6.6,127.01041666666667,3.704166666666667,0.2,45.541666666666664,4.708333333333333,0.0,70.0625,4.3125,-0.7338853664321989,0.6792733388972934,8.1,34.9,59.8,88.3
2021-11-15,0.0,162.4375,3.4499999999999997,0.2,129.75,4.022916666666666,0.0,47.489583333333336,5.097916666666667,0.0,70.64583333333333,4.429166666666666,-0.7221165966101161,0.6917713646142221,8.1,34.9,59.8,88.3
2021-11-16,0.0,162.33333333333334,3.4333333333333336,0.0,127.94791666666667,3.8041666666666667,0.0,48.135416666666664,5.227083333333334,0.0,71.38541666666667,4.577083333333333,-0.7101350157125358,0.7040655221348057,8.1,34.9,59.8,88.3
2021-11-17,0.0,162.17708333333334,3.417708333333333,0.0,126.84375,3.6822916666666665,0.0,47.552083333333336,5.110416666666667,0.0,71.67708333333333,4.635416666666667,-0.6979441547663436,0.7161521883143932,8.1,34.9,59.8,88.3
2021-11-18,0.0,162.48958333333334,3.453125,0.0,126.15625,3.594791666666667,0.0,46.572916666666664,4.914583333333334,0.0,71.3125,4.5625,-0.6855476064742156,0.7280278011569846,8.1,34.9,59.8,88.3
2021-11-19,0.0,162.22826086956522,3.4228260869565217,0.0,126.28260869565217,3.61304347826087,0.0,46.02173913043478,4.804347826086956,0.0,70.46739130434783,4.393478260869565,-0.6729490241558331,0.7396888608649665,8.1,34.9,59.8,88.3
2021-11-20,0.0,161.78125,3.3781250000000003,0.0,126.05208333333333,3.5749999999999997,0.0,45.541666666666664,4.708333333333333,0.0,65.76041666666667,3.6020833333333333,-0.6601521206712321,0.7511319308705195,8.1,34.9,59.8,88.3
2021-11-21,0.0,163.13541666666666,3.5572916666666665,0.0,125.76041666666667,3.5281249999999997,0.0,44.458333333333336,4.491666666666666,0.0,63.291666666666664,3.173958333333333,-0.6471606673266065,0.7623536388483899,8.1,34.9,59.8,88.3
2021-11-22,0.0,163.02083333333334,3.533333333333333,0.0,127.5625,3.75625,0.0,44.125,4.425,0.0,65.78645833333333,3.618229166666666,-0.6339784927628872,0.7733506777097294,8.1,34.9,59.8,88.3
2021-11-23,0.0,162.33333333333334,3.4375,0.0,126.44791666666667,3.6197916666666665,0.0,44.875,4.575,0.0,68.5625,4.057291666666667,-0.6206094818274227,0.7841198065767104,8.1,34.9,59.8,88.3
2021-11-24,0.0,162.66666666666666,3.475,0.0,126.20833333333333,3.591666666666667,0.0,44.833333333333336,4.566666666666666,0.0,68.72916666666667,4.072916666666667,-0.607057574429101,0.7946578517376245,8.1,34.9,59.8,88.3
2021-11-25,0.0,164.3125,3.7302083333333336,0.0,127.03125,3.703125,0.0,44.541666666666664,4.508333333333334,0.0,68.78125,4.079166666666667,-0.5933267643772321,0.8049617075821958,8.1,34.9,59.8,88.3
2021-11-26,0.0,163.27083333333334,3.5749999999999997,0.0,128.36458333333334,3.8364583333333333,0.0,44.895833333333336,4.579166666666667,0.0,68.70833333333333,4.072916666666667,-0.5794210982045647,0.8150283375168107,8.1,34.9,59.8,88.3
2021-11-27,0.0,162.85416666666666,3.5072916666666667,0.0,127.82291666666667,3.7885416666666667,0.0,45.572916666666664,4.714583333333333,0.0,69.03125,4.110416666666667,-0.5653446739747432,0.8248547748594242,8.1,34.9,59.8,88.3
2021-11-28,0.0,163.96875,3.676041666666667,0.0,126.52083333333333,3.6322916666666667,0.0,45.34375,4.66875,0.0,66.77604166666667,3.75,-0.5511016400745998,0.8344381237138475,8.1,34.9,59.8,88.3
2021-11-29,0.0,163.40625,3.5906249999999997,0.0,127.8125,3.78125,0.0,44.510416666666664,4.502083333333333,0.0,67.265625,3.8385416666666665,-0.5366961939916011,0.8437755598231853,8.1,34.9,59.8,88.3
2021-11-30,0.0,163.03125,3.53125,0.0,126.625,3.6510416666666665,0.0,44.9375,4.5874999999999995,0.0,69.109375,4.1421874999999995,-0.5221325810768248,0.8528643314021598,8.1,34.9,59.8,88.3
2021-12-01,0.0,162.85416666666666,3.5124999999999997,0.0,128.50208333333333,3.6052083333333336,0.0,44.46875,4.4937499999999995,0.0,69.22916666666667,4.148958333333333,-0.5074150932938463,0.8617017599480677,8.1,34.9,59.8,88.3
2021-12-02,0.0,163.0625,3.5354166666666664,0.0,126.45104166666665,3.6333333333333333,0.0,43.958333333333336,4.391666666666667,0.0,68.91666666666667,4.102083333333333,-0.4925480679538645,0.8702852410301551,8.1,34.9,59.8,88.3
2021-12-03,0.0,163.3125,3.579166666666667,0.0,126.55520833333333,3.6593750000000003,0.0,43.916666666666664,4.383333333333334,8.0,68.83333333333333,4.085416666666666,-0.47753588643748845,0.8786122450571482,8.1,34.9,59.8,88.3
2021-12-04,0.0,163.28125,3.5718750000000004,0.0,126.29062499999999,3.609375,8.2,45.770833333333336,4.7562500000000005,0.2,69.0,4.114583333333333,-0.4623829729035152,0.8866803180227398,8.1,34.9,59.8,88.3
2021-12-05,0.0,163.96875,3.686458333333334,0.0,126.78854166666667,3.6645833333333333,0.2,44.635416666666664,4.527083333333334,0.0,70.16145833333333,4.332291666666666,-0.44709379298511437,0.8944870822287954,8.1,34.9,59.8,88.3
2021-12-06,0.0,163.07291666666666,3.5510416666666664,0.0,127.659375,3.7874999999999996,0.0,43.979166666666664,4.395833333333334,0.0,70.45833333333333,4.392708333333333,-0.43167285247378356,0.9020302369860709,8.1,34.9,59.8,88.3
2021-12-07,0.0,163.11458333333334,3.5343750000000003,0.0,126.46875,3.6177083333333333,0.0,45.760416666666664,4.752083333333333,0.0,69.33333333333333,4.167708333333333,-0.4161246959914751,0.9093075592922355,8.1,34.9,59.8,88.3
2021-12-08,0.0,162.84375,3.5083333333333333,0.0,125.95,3.5718750000000004,0.0,44.53125,4.5062500000000005,0.0,70.02083333333333,4.304166666666666,-0.4004539056512665,0.9163169044870048,8.1,34.9,59.8,88.3
2021-12-09,0.0,162.73958333333334,3.4875000000000003,0.0,125.92604166666666,3.578125,0.0,43.9375,4.3875,0.0,69.46875,4.19375,-0.3846650997070013,0.923056206884176,8.1,34.9,59.8,88.3
2021-12-10,0.0,162.70833333333334,3.485416666666667,0.0,125.75729166666667,3.540625,0.0,44.010416666666664,4.402083333333334,0.2,69.08333333333333,4.1187499999999995,-0.3687629311922604,0.9295234803804002,8.1,34.9,59.8,88.3
2021-12-11,0.0,162.80208333333334,3.5052083333333335,0.0,126.24479166666667,3.638541666666667,0.0,43.958333333333336,4.391666666666667,0.0,68.82291666666667,4.083333333333333,-0.3527520865490943,0.9357168190404939,8.1,34.9,59.8,88.3
2021-12-12,0.0,163.75,3.6479166666666667,0.0,126.471875,3.6458333333333335,0.0,43.947916666666664,4.389583333333333,0.0,68.75,4.075,-0.3366372842469107,0.9416343976591258,8.1,34.9,59.8,88.3
2021-12-13,0.0,162.95833333333334,3.5354166666666664,0.0,127.4875,3.751041666666667,0.0,43.875,4.375000000000001,0.0,68.64583333333333,4.064583333333333,-0.3204232733919109,0.947274472298717,8.1,34.9,59.8,88.3
2021-12-14,0.0,162.33333333333334,3.436458333333333,0.0,126.94479166666667,3.6916666666666664,0.0,44.0,4.4,0.0,68.51041666666667,4.051041666666666,-0.30411483232751857,0.9526353808033823,8.1,34.9,59.8,88.3
2021-12-15,0.0,162.52083333333334,3.453125,0.0,126.70104166666665,3.671875,0.0,43.8125,4.3625,0.0,68.60416666666667,4.060416666666666,-0.28771676722616696,0.9577155432887803,8.1,34.9,59.8,88.3
2021-12-16,0.0,162.0,3.4,0.0,126.17812500000001,3.5979166666666664,0.0,43.15625,4.23125,0.0,68.125,4.0093749999999995,-0.27123391067291097,0.9625134626077079,8.1,34.9,59.8,88.3
2021-12-17,0.0,162.0,3.4,0.0,125.72604166666667,3.5500000000000003,0.0,42.822916666666664,4.185416666666667,0.0,67.66666666666667,3.93125,-0.25467112024122895,0.9670277247913203,8.1,34.9,59.8,88.3
2021-12-18,0.0,162.0,3.4,0.0,126.66666666666667,3.6635416666666667,2.4000000000000004,42.84375,4.184375,0.0,67.125,3.8249999999999997,-0.23803327706148678,0.9712569994658311,8.1,34.9,59.8,88.3
2021-12-19,0.0,162.0,3.4,0.0,126.45833333333333,3.6364583333333336,0.0,43.083333333333336,4.216666666666667,0.0,66.83333333333333,3.766666666666666,-0.22132528438243296,0.9752000402445824,8.1,34.9,59.8,88.3
2021-12-20,0.0,162.0,3.4,0.0,127.66666666666667,3.766666666666667,0.0,43.21875,4.24375,0.0,67.33333333333333,3.8666666666666667,-0.2045520661262005,0.9788556850953579,8.1,34.9,59.8,88.3
2021-12-21,0.0,162.0,3.4,0.0,127.08333333333333,3.7072916666666664,0.0,44.010416666666664,4.402083333333334,0.0,67.55208333333333,3.9104166666666664,-0.1877185654371994,0.9822228566828405,8.1,34.9,59.8,88.3
2021-12-22,0.0,162.0,3.4,0.0,126.64583333333333,3.655208333333333,0.0,43.78125,4.35625,0.0,68.01041666666667,4.001041666666667,-0.17082974322534408,0.985300562686109,8.1,34.9,59.8,88.3
2021-12-23,0.0,162.0,3.4,0.0,126.375,3.6166666666666667,0.0,43.260416666666664,4.252083333333334,0.0,67.78125,3.953125,-0.1538905767040627,0.9880878960910771,8.1,34.9,59.8,88.3
2021-12-24,0.0,162.0,3.4,0.0,126.52083333333333,3.644791666666667,0.0,43.458333333333336,4.291666666666667,0.0,67.52083333333333,3.904166666666667,-0.1369060579234754,0.9905840354577969,8.1,34.9,59.8,88.3
2021-12-25,0.0,162.0,3.4,0.2,126.66666666666667,3.657291666666667,0.0,44.229166666666664,4.445833333333334,0.0,67.875,3.975,-0.1198811922992275,0.99278824516254,8.1,34.9,59.8,88.3
2021-12-26,0.0,162.0,3.4,13.200000000000001,126.960625,3.696875,2.8000000000000003,45.4375,4.6875,6.4,68.70833333333333,4.102083333333334,-0.1028209971373608,0.9946998756145891,8.1,34.9,59.8,88.3
2021-12-27,0.0,162.0,3.4,0.2,123.12458333333332,3.202083333333333,0.0,47.822916666666664,5.164583333333334,0.2,70.52083333333333,4.404166666666667,-0.08573050015569487,0.9963183634476755,8.1,34.9,59.8,88.3
2021-12-28,0.0,162.0,3.4,0.0,120.0684375,2.8052083333333333,0.0,49.197916666666664,5.439583333333334,0.0,71.17708333333333,4.535416666666666,-0.06861473800213468,0.9976432316860063,8.1,34.9,59.8,88.3
2021-12-29,0.0,162.0,3.4,36.8,120.0934375,2.814583333333333,0.0,49.427083333333336,5.485416666666667,0.0,72.05208333333333,4.710416666666667,-0.05147875477034641,0.9986740898848305,8.1,34.9,59.8,88.3
2021-12-30,0.0,162.0,3.4,8.0,121.4696875,2.9770833333333333,62.4,55.135416666666664,6.936458333333333,2.8,72.98958333333333,4.9125000000000005,-0.034327600513243496,0.9994106342455052,8.1,34.9,59.8,88.3
2021-12-31,0.0,162.0,3.4,0.2,125.59,3.6,0.0,63.0,8.7,0.0,74.0,5.2,-0.017166329754707492,0.9998526477050269,8.1,34.9,59.8,88.3
