timestamp,chuva_35235000_varzea_do_grosso,nivel_35235000_varzea_do_grosso,vazao_35235000_varzea_do_grosso,chuva_35255000_siarao,nivel_35255000_siarao,vazao_35255000_siarao,chuva_35275000_sobral,nivel_35275000_sobral,vazao_35275000_sobral,chuva_35283000_santana_do_acarau,nivel_35283000_santana_do_acarau,vazao_35283000_santana_do_acarau,distancia_35235000_varzea_do_grosso,distancia_35255000_siarao,distancia_35275000_sobral,distancia_35283000_santana_do_acarau
2023-01-01,0.0,166.79166666666666,5.029166666666667,0.0,122.01614583333333,3.3041666666666667,0.0,39.46875,4.09375,0.0,58.697916666666664,3.5656250000000003,8.1,34.9,59.8,88.3
2023-01-02,0.0,166.26041666666666,4.938541666666667,0.0,122.63072916666665,3.372916666666667,0.0,39.84375,4.16875,0.0,58.395833333333336,3.5229166666666667,8.1,34.9,59.8,88.3
2023-01-03,0.4,165.53125,4.80625,3.0,121.76979166666666,3.265625,0.2,40.354166666666664,4.232291666666667,0.0,58.552083333333336,3.553125,8.1,34.9,59.8,88.3
2023-01-04,0.0,165.58333333333334,4.816666666666667,0.0,121.16666666666667,3.216666666666667,0.0,39.78125,4.141666666666667,0.0,59.604166666666664,3.7260416666666667,8.1,34.9,59.8,88.3
2023-01-05,0.0,165.63541666666666,4.827083333333333,0.0,120.96875,3.176041666666667,0.0,39.697916666666664,4.139583333333333,0.0,58.958333333333336,3.627083333333333,8.1,34.9,59.8,88.3
2023-01-06,0.0,166.08333333333334,4.914583333333334,0.0,120.5,3.1,0.0,39.416666666666664,4.083333333333333,0.0,58.739583333333336,3.5864583333333333,8.1,34.9,59.8,88.3
2023-01-07,0.0,166.22916666666666,4.929166666666666,0.0,120.53125,3.1062499999999997,0.0,39.322916666666664,4.064583333333333,0.0,58.520833333333336,3.5395833333333333,8.1,34.9,59.8,88.3
2023-01-08,0.0,167.76041666666666,5.180208333333334,0.0,121.0625,3.1979166666666665,0.0,39.010416666666664,4.002083333333333,0.0,58.177083333333336,3.4875000000000003,8.1,34.9,59.8,88.3
2023-01-09,0.0,166.625,5.003125,0.0,122.27083333333333,3.327083333333333,0.0,39.260416666666664,4.05,0.0,57.65625,3.422916666666667,8.1,34.9,59.8,88.3
2023-01-10,0.0,166.72916666666666,5.017708333333333,1.6,121.4375,3.2427083333333333,6.799999999999999,37.447916666666664,3.705208333333333,0.0,57.307291666666664,3.3708333333333336,8.1,34.9,59.8,88.3
2023-01-11,0.0,166.75,5.016666666666667,0.0,121.48958333333333,3.248958333333333,0.2,39.885416666666664,4.15625,5.4,57.40625,3.3781250000000003,8.1,34.9,59.8,88.3
2023-01-12,0.0,166.33333333333334,4.955208333333333,0.0,121.125,3.2062500000000003,0.0,39.208333333333336,4.039583333333334,0.0,58.78125,3.6010416666666667,8.1,34.9,59.8,88.3
2023-01-13,0.0,166.65625,5.001041666666667,0.0,120.75,3.1458333333333335,0.0,38.53125,3.922916666666667,0.0,58.177083333333336,3.494270833333333,8.1,34.9,59.8,88.3
2023-01-14,0.0,166.30208333333334,4.9437500000000005,0.0,120.83333333333333,3.160416666666667,0.0,37.541666666666664,3.7083333333333335,0.2,57.822916666666664,3.451041666666667,8.1,34.9,59.8,88.3
2023-01-15,0.0,167.27083333333334,5.119791666666667,0.2,121.25,3.21875,0.6,37.072916666666664,3.6145833333333335,3.8000000000000003,58.739583333333336,3.591666666666667,8.1,34.9,59.8,88.3
2023-01-16,29.4,168.64583333333334,5.342708333333333,22.0,123.80208333333333,3.483333333333333,3.8000000000000003,38.135416666666664,3.827083333333333,26.0,61.770833333333336,4.104166666666667,8.1,34.9,59.8,88.3
2023-01-17,7.6,170.36458333333334,5.672916666666667,0.4,125.375,3.640625,0.8,40.364583333333336,4.2281249999999995,0.2,59.869791666666664,3.7562499999999996,8.1,34.9,59.8,88.3
2023-01-18,0.0,169.86458333333334,5.572916666666667,0.0,125.1875,3.6187500000000004,0.0,41.635416666666664,4.451041666666667,64.8,67.5,5.263541666666667,8.1,34.9,59.8,88.3
2023-01-19,2.8000000000000003,169.48958333333334,5.497916666666666,16.8,124.91666666666667,3.591666666666667,14.200000000000001,43.90625,4.8812500000000005,3.4,68.5,5.304166666666666,8.1,34.9,59.8,88.3
2023-01-20,0.0,169.5,5.501041666666667,0.0,124.89583333333333,3.5895833333333336,0.2,44.197916666666664,4.939583333333333,0.0,65.29166666666667,4.663541666666666,8.1,34.9,59.8,88.3
2023-01-21,2.8,169.54166666666666,5.5093749999999995,0.6,124.86458333333333,3.5864583333333333,1.2,43.583333333333336,4.816666666666667,2.4000000000000004,64.41666666666667,4.535416666666666,8.1,34.9,59.8,88.3
2023-01-22,12.200000000000001,169.57291666666666,5.520833333333333,0.0,124.73958333333333,3.5739583333333336,9.2,44.114583333333336,4.922916666666667,0.8,64.51041666666667,4.5562499999999995,8.1,34.9,59.8,88.3
2023-01-23,0.0,169.625,5.5249999999999995,0.0,125.44791666666667,3.6500000000000004,0.0,45.020833333333336,5.104166666666667,12.6,65.375,4.676041666666666,8.1,34.9,59.8,88.3
2023-01-24,0.0,169.58333333333334,5.519791666666666,4.6,124.69791666666667,3.5697916666666667,13.2,43.166666666666664,4.744791666666667,1.0,65.54166666666667,4.709375,8.1,34.9,59.8,88.3
2023-01-25,29.6,170.86458333333334,5.763541666666666,15.6,125.16666666666667,3.638541666666667,11.799999999999999,49.229166666666664,5.989583333333333,4.8,64.69791666666667,4.58125,8.1,34.9,59.8,88.3
2023-01-26,0.0,170.98958333333334,5.778125,4.0,127.14583333333333,3.8958333333333335,1.4,49.75,6.094791666666667,4.0,69.875,5.575,8.1,34.9,59.8,88.3
2023-01-27,0.0,170.76041666666666,5.742708333333333,0.8,126.19791666666667,3.748958333333333,1.5999999999999999,48.614583333333336,5.832291666666666,0.0,71.05208333333333,5.810416666666666,8.1,34.9,59.8,88.3
2023-01-28,0.0,169.9375,5.5874999999999995,0.0,125.76041666666667,3.6791666666666667,0.0,47.28125,5.565625,0.0,68.90625,5.3812500000000005,8.1,34.9,59.8,88.3
2023-01-29,0.0,169.5,5.501041666666667,0.0,124.60416666666667,3.560416666666667,0.0,43.78125,4.85625,0.0,67.42708333333333,5.085416666666666,8.1,34.9,59.8,88.3
2023-01-30,0.0,168.9375,5.39375,3.0,124.15625,3.515625,2.8,42.458333333333336,4.591666666666667,0.4,65.6875,4.741666666666666,8.1,34.9,59.8,88.3
2023-01-31,0.0,168.17708333333334,5.272916666666666,0.2,123.77083333333333,3.4770833333333333,0.2,42.854166666666664,4.670833333333333,1.7999999999999998,64.04166666666667,4.497916666666667,8.1,34.9,59.8,88.3
2023-02-01,1.2,169.34375,5.46875,4.0,123.11458333333333,3.4114583333333335,0.0,42.458333333333336,4.591666666666667,0.2,62.760416666666664,4.252083333333333,8.1,34.9,59.8,88.3
2023-02-02,8.4,169.54166666666666,5.5093749999999995,3.8,123.63541666666667,3.4635416666666665,4.6,43.583333333333336,4.816666666666667,6.8,64.90625,4.6499999999999995,8.1,34.9,59.8,88.3
2023-02-03,0.0,170.45833333333334,5.691666666666666,0.0,123.17708333333333,3.417708333333333,1.0,42.552083333333336,4.610416666666667,0.8,65.73958333333333,4.765625,8.1,34.9,59.8,88.3
2023-02-04,0.0,169.11458333333334,5.425,0.0,123.04166666666667,3.404166666666667,5.0,40.729166666666664,4.273958333333334,0.2,63.15625,4.317708333333333,8.1,34.9,59.8,88.3
2023-02-05,7.0,169.48958333333334,5.498958333333333,3.8000000000000003,122.4375,3.34375,7.6,41.46875,4.4156249999999995,2.8,61.479166666666664,4.0,8.1,34.9,59.8,88.3
2023-02-06,0.0,169.625,5.526041666666667,0.0,122.82291666666667,3.3822916666666667,0.0,40.375,4.238541666666666,0.0,62.510416666666664,4.202083333333333,8.1,34.9,59.8,88.3
2023-02-07,0.0,169.59375,5.519791666666666,20.6,123.61458333333333,3.4760416666666667,0.4,41.947916666666664,4.555208333333334,0.0,61.28125,3.9635416666666665,8.1,34.9,59.8,88.3
2023-02-08,0.0,169.59375,5.51875,0.0,123.89583333333333,3.4927083333333333,0.0,41.541666666666664,4.4125,0.0,61.875,4.104166666666667,8.1,34.9,59.8,88.3
2023-02-09,0.0,167.86458333333334,5.215625,9.4,122.54166666666667,3.3541666666666665,0.0,40.770833333333336,4.286458333333333,8.600000000000001,62.34375,4.16875,8.1,34.9,59.8,88.3
2023-02-10,5.6,168.42708333333334,5.3,0.6,121.75,3.275,1.6,40.4375,4.245833333333334,3.4,60.854166666666664,3.886458333333333,8.1,34.9,59.8,88.3
2023-02-11,0.0,169.44791666666666,5.4937499999999995,0.2,123.48958333333333,3.4489583333333336,3.4000000000000004,39.854166666666664,4.142708333333333,1.4,59.96875,3.7916666666666665,8.1,34.9,59.8,88.3
2023-02-12,0.0,170.5625,5.7124999999999995,0.0,122.38541666666667,3.3375,0.0,40.041666666666664,4.192708333333333,0.0,59.166666666666664,3.638541666666667,8.1,34.9,59.8,88.3
2023-02-13,1.5999999999999999,169.40625,5.488541666666666,0.2,122.42708333333333,3.342708333333333,10.200000000000001,40.729166666666664,4.3,3.2,59.322916666666664,3.665625,8.1,34.9,59.8,88.3
2023-02-14,0.0,169.47916666666666,5.497916666666666,0.2,121.44791666666667,3.2447916666666665,1.4,39.697916666666664,4.133333333333334,4.2,60.8125,3.905208333333333,8.1,34.9,59.8,88.3
2023-02-15,2.8,169.63541666666666,5.533333333333334,2.2,121.67708333333333,3.267708333333333,12.2,40.875,4.341666666666667,0.2,60.0625,3.794791666666667,8.1,34.9,59.8,88.3
2023-02-16,9.2,170.59375,5.71875,0.6,121.8125,3.28125,5.6,41.84375,4.4750000000000005,4.6,62.25,4.14375,8.1,34.9,59.8,88.3
2023-02-17,0.2,170.79166666666666,5.758333333333333,0.0,121.95833333333333,3.295833333333333,0.2,40.135416666666664,4.201041666666667,5.800000000000001,64.20833333333333,4.508333333333334,8.1,34.9,59.8,88.3
2023-02-18,4.4,170.3125,5.6625000000000005,0.0,121.67708333333333,3.267708333333333,12.2,39.9375,4.161458333333333,3.0,61.354166666666664,4.002083333333333,8.1,34.9,59.8,88.3
2023-02-19,0.2,171.97916666666666,5.995833333333334,0.6000000000000001,121.875,3.2864583333333335,0.0,39.427083333333336,4.0843750000000005,2.2,60.53125,3.853125,8.1,34.9,59.8,88.3
2023-02-20,0.0,170.98958333333334,5.797916666666667,0.0,122.86458333333333,3.386458333333333,0.0,38.822916666666664,3.9645833333333336,0.0,59.739583333333336,3.7229166666666664,8.1,34.9,59.8,88.3
2023-02-21,0.0,170.35416666666666,5.670833333333333,0.0,121.84375,3.2843750000000003,0.0,38.958333333333336,3.9916666666666667,0.0,58.166666666666664,3.4958333333333336,8.1,34.9,59.8,88.3
2023-02-22,2.4000000000000004,169.9375,5.5874999999999995,3.2,121.5,3.248958333333333,3.2,38.666666666666664,3.9333333333333336,19.599999999999998,58.4375,3.5541666666666667,8.1,34.9,59.8,88.3
2023-02-23,18.400000000000002,171.32291666666666,5.864583333333333,7.2,121.86458333333333,3.2864583333333335,6.2,38.760416666666664,3.9416666666666664,2.2,58.84375,3.5833333333333335,8.1,34.9,59.8,88.3
2023-02-24,0.6000000000000001,171.51041666666666,5.902083333333334,36.2,124.13541666666667,3.514583333333333,24.6,42.776562500000004,4.755208333333333,12.8,60.145833333333336,3.8041666666666667,8.1,34.9,59.8,88.3
2023-02-25,3.8,171.76041666666666,5.952083333333333,6.2,124.875,3.5968750000000003,4.8,50.275312500000005,6.235416666666667,19.2,68.04166666666667,5.220833333333333,8.1,34.9,59.8,88.3
2023-02-26,0.2,171.91666666666666,5.983333333333333,0.2,125.08333333333333,3.609375,0.2,48.164479166666666,5.748958333333333,1.0,79.94791666666667,7.903125,8.1,34.9,59.8,88.3
2023-02-27,0.0,170.82291666666666,5.764583333333333,1.4,124.1875,3.5187500000000003,0.8,46.38229166666667,5.3812500000000005,0.0,76.98958333333333,7.189583333333334,8.1,34.9,59.8,88.3
2023-02-28,0.0,169.95833333333334,5.592708333333333,0.2,123.19791666666667,3.419791666666667,0.0,43.583333333333336,4.816666666666667,2.0,70.25,5.6499999999999995,8.1,34.9,59.8,88.3
2023-03-01,0.0,171.11458333333334,5.822916666666667,0.0,121.94791666666667,3.294791666666667,0.0,41.916666666666664,4.483333333333333,0.0,65.34375,4.703125,8.1,34.9,59.8,88.3
2023-03-02,0.8,171.875,5.9750000000000005,0.0,122.20833333333333,3.3208333333333333,0.0,40.197916666666664,4.211458333333334,0.2,62.854166666666664,4.270833333333333,8.1,34.9,59.8,88.3
2023-03-03,67.0,174.22916666666666,6.404166666666666,27.4,124.66666666666667,3.591666666666667,27.400000000000002,44.541666666666664,5.013541666666667,23.6,64.21875,4.495833333333333,8.1,34.9,59.8,88.3
2023-03-04,9.4,176.27083333333334,6.757291666666667,7.0,132.70833333333334,4.589583333333333,12.399999999999999,47.635416666666664,5.666666666666667,5.4,68.89583333333333,5.379166666666666,8.1,34.9,59.8,88.3
2023-03-05,0.0,172.65625,6.110416666666667,13.2,131.28125,4.392708333333333,0.4,52.864583333333336,6.833333333333333,2.0,71.10416666666667,5.820833333333333,8.1,34.9,59.8,88.3
2023-03-06,0.0,171.32291666666666,5.864583333333333,1.7999999999999998,127.5625,3.952083333333333,0.8,51.916666666666664,6.601041666666667,5.4,73.0,6.23125,8.1,34.9,59.8,88.3
2023-03-07,0.0,170.23958333333334,5.647916666666666,0.0,125.83333333333333,3.69375,0.2,51.71875,6.558333333333334,0.2,71.89583333333333,5.988541666666666,8.1,34.9,59.8,88.3
2023-03-08,0.0,170.57291666666666,5.719791666666667,0.0,124.57291666666667,3.5572916666666665,0.0,46.760416666666664,5.452083333333333,0.0,71.05208333333333,5.810416666666666,8.1,34.9,59.8,88.3
2023-03-09,6.0,147.85416666666666,2.1197916666666665,1.0,123.15727459016394,3.4011441256830603,6.0,44.333333333333336,4.966666666666667,1.4,67.8125,5.1625000000000005,8.1,34.9,59.8,88.3
2023-03-10,0.0,141.375,1.1447916666666667,0.0,111.49897540983606,2.1498975409836065,0.0,44.34375,4.96875,1.0,73.77083333333333,6.4375,8.1,34.9,59.8,88.3
2023-03-11,0.0,139.15625,0.828125,1.7999999999999998,102.73958333333333,1.3125,23.8,48.520833333333336,5.945833333333333,11.4,72.94791666666667,6.229166666666667,8.1,34.9,59.8,88.3
2023-03-12,0.0,137.54166666666666,0.640625,0.0,99.53246124031007,1.0532461240310078,16.2,41.697916666666664,4.4781249999999995,2.2,73.04166666666667,6.2593749999999995,8.1,34.9,59.8,88.3
2023-03-13,6.0,136.29381443298968,0.5087628865979381,0.0,99.75935994307855,1.0948751363098506,10.8,40.91237113402062,4.330927835051547,36.8,72.5360824742268,6.156701030927835,8.1,34.9,59.8,88.3
2023-03-14,27.8,137.01041666666666,0.6322916666666667,16.6,98.36172715053765,0.9675571236559141,1.8,36.53125,3.563541666666667,6.2,77.22916666666667,7.238541666666666,8.1,34.9,59.8,88.3
2023-03-15,59.4,149.96875,3.21875,14.2,163.69791666666666,12.782291666666666,42.4,36.479166666666664,3.8072916666666665,16.4,73.5,6.367708333333333,8.1,34.9,59.8,88.3
2023-03-16,41.4,209.41666666666666,17.894791666666666,60.4,211.54166666666666,31.398958333333336,49.6,100.15625,22.292708333333334,18.6,91.83333333333333,11.517708333333333,8.1,34.9,59.8,88.3
2023-03-17,11.4,219.35416666666666,24.349999999999998,31.4,255.25,54.521875,15.0,225.55208333333334,108.72604166666667,13.8,144.63541666666666,42.393750000000004,8.1,34.9,59.8,88.3
2023-03-18,28.8,167.91666666666666,5.402083333333334,24.6,306.625,109.3,16.2,291.0520833333333,176.8791666666667,20.0,275.2083333333333,270.840625,8.1,34.9,59.8,88.3
2023-03-19,34.4,169.80208333333334,6.175,20.4,319.34375,128.43645833333332,3.8000000000000003,323.7604166666667,215.08541666666667,0.6000000000000001,348.6875,520.271875,8.1,34.9,59.8,88.3
2023-03-20,12.4,200.23958333333334,12.420833333333334,33.2,328.2604166666667,143.478125,16.8,301.03125,185.18958333333333,9.200000000000001,333.5416666666667,456.2427083333334,8.1,34.9,59.8,88.3
2023-03-21,0.2,164.39583333333334,4.720833333333333,0.0,418.9895833333333,312.57916666666665,1.2000000000000002,361.5520833333333,308.81354166666665,54.6,338.5625,479.8145833333333,8.1,34.9,59.8,88.3
2023-03-22,135.2,342.5833333333333,153.30937500000002,55.2,426.3020833333333,346.7,37.4,365.3229166666667,319.3208333333333,14.4,382.2604166666667,679.2458333333333,8.1,34.9,59.8,88.3
2023-03-23,0.0,186.04166666666666,9.003124999999999,0.0,422.3020833333333,321.69374999999997,0.6,457.3854166666667,651.5437499999999,0.0,415.71875,684.09871875,8.1,34.9,59.8,88.3
2023-03-24,37.4,171.5625,6.1968749999999995,21.6,292.4270833333333,91.37083333333334,1.6,316.0729166666667,222.771875,2.4,411.9583333333333,555.2369791666666,8.1,34.9,59.8,88.3
2023-03-25,7.2,157.33333333333334,3.53125,0.4,272.796875,68.2125,12.600000000000001,254.89583333333334,133.678125,0.0,294.5625,289.940625,8.1,34.9,59.8,88.3
2023-03-26,0.0,145.35416666666666,1.8,19.2,287.2083333333333,87.69583333333333,13.8,248.57291666666666,127.496875,11.4,256.4895833333333,185.2229166666667,8.1,34.9,59.8,88.3
2023-03-27,43.6,166.38541666666666,11.222916666666668,4.8,246.89583333333334,44.541666666666664,8.6,231.26041666666666,110.72395833333333,20.0,251.57291666666666,174.3375,8.1,34.9,59.8,88.3
2023-03-28,6.4,272.1458333333333,54.2875,31.4,281.203125,80.46145833333334,23.0,231.92708333333334,112.46875,14.200000000000001,233.9375,138.18229166666666,8.1,34.9,59.8,88.3
2023-03-29,3.4000000000000004,194.98958333333334,10.86875,2.6,345.5520833333333,169.01770833333333,4.2,304.59375,189.75729166666667,2.2,287.2395833333333,270.12083333333334,8.1,34.9,59.8,88.3
2023-03-30,12.8,181.08333333333334,7.997916666666668,2.0,309.40625,112.54895833333335,10.2,290.6458333333333,172.90104166666666,0.6000000000000001,313.96875,349.0072916666666,8.1,34.9,59.8,88.3
2023-03-31,25.0,185.44791666666666,8.908333333333333,4.8,315.7239583333333,125.36041666666667,4.4,268.6145833333333,148.22187499999998,7.4,295.96875,289.684375,8.1,34.9,59.8,88.3
2023-04-01,2.4000000000000004,179.19791666666666,7.753125,15.0,305.21875,108.92812500000001,32.2,298.3125,181.92395833333333,17.599999999999998,293.5833333333333,284.19687500000003,8.1,34.9,59.8,88.3
2023-04-02,3.0,161.09375,4.2625,5.800000000000001,277.1875,74.95208333333333,14.4,274.4375,154.60468749999998,9.0,306.0729166666667,321.87708333333336,8.1,34.9,59.8,88.3
2023-04-03,5.0,200.30208333333334,12.502083333333333,5.0,350.75,177.09583333333333,1.0,274.3229166666667,154.34062500000002,28.0,293.1875,281.21875,8.1,34.9,59.8,88.3
2023-04-04,0.2,178.60416666666666,7.5874999999999995,6.4,362.96875,198.55260416666667,3.6,303.1041666666667,187.9625,57.4,315.0520833333333,357.16562500000003,8.1,34.9,59.8,88.3
2023-04-05,10.0,157.35416666666666,3.521875,0.0,328.8645833333333,145.55208333333334,0.0,280.3125,161.0,0.2,338.2708333333333,440.02708333333334,8.1,34.9,59.8,88.3
2023-04-06,5.0,173.61458333333334,6.813541666666667,14.200000000000001,269.96875,65.21041666666666,4.4,253.41666666666666,132.259375,17.8,307.8958333333333,330.6333333333333,8.1,34.9,59.8,88.3
2023-04-07,7.2,168.5625,5.577083333333333,0.2,270.0729166666667,65.33437500000001,9.2,240.29166666666666,119.11666666666667,21.6,270.2708333333333,217.946875,8.1,34.9,59.8,88.3
2023-04-08,0.0,150.97916666666666,2.5541666666666667,4.6,266.0416666666667,62.01979166666666,7.0,239.30208333333334,118.16145833333333,21.4,261.625,196.61458333333334,8.1,34.9,59.8,88.3
2023-04-09,0.0,149.16666666666666,2.3385416666666665,0.0,261.3854166666667,57.49166666666667,0.0,238.21875,117.13541666666667,0.0,266.2083333333333,207.6364583333333,8.1,34.9,59.8,88.3
2023-04-10,1.8,144.72916666666666,1.6833333333333333,0.0,263.7395833333333,60.140625,1.0,239.35416666666666,118.22500000000001,0.2,262.4166666666667,198.49791666666667,8.1,34.9,59.8,88.3
2023-04-11,0.0,142.17708333333334,1.2489583333333332,0.0,231.8125,35.703125,0.0,213.77083333333334,94.96979166666667,0.2,254.82291666666666,181.60625000000002,8.1,34.9,59.8,88.3
2023-04-12,0.0,140.66666666666666,1.0260416666666667,0.0,215.16666666666666,26.948958333333334,0.0,188.546875,74.41197916666667,0.0,228.80208333333334,129.115625,8.1,34.9,59.8,88.3
2023-04-13,0.0,138.82291666666666,0.7916666666666666,0.2,199.66666666666666,19.698958333333334,1.0,165.98958333333334,58.14895833333333,0.0,207.07291666666666,94.10104166666667,8.1,34.9,59.8,88.3
2023-04-14,0.0,138.75,0.7572916666666667,0.2,194.19920411985018,17.34634831460674,0.2,146.65625,45.82604166666667,0.2,188.55208333333334,69.71145833333334,8.1,34.9,59.8,88.3
2023-04-15,6.6,139.125,0.8208333333333333,0.0,187.91537921348313,14.873182935393258,1.2,129.640625,36.16354166666667,1.0,173.38541666666666,53.215624999999996,8.1,34.9,59.8,88.3
2023-04-16,7.6000000000000005,150.29166666666666,2.4406250000000003,3.6,183.79048295454547,13.275236742424243,9.2,118.44791666666667,30.426041666666666,38.4,163.25,43.76666666666667,8.1,34.9,59.8,88.3
2023-04-17,4.2,157.0,3.423958333333333,8.8,199.33972537878788,19.71356534090909,0.2,125.99479166666667,34.37447916666667,6.2,159.13541666666666,40.24375,8.1,34.9,59.8,88.3
2023-04-18,0.8,172.53125,6.147916666666667,1.2000000000000002,203.07886904761904,21.185491071428572,5.2,145.13020833333334,44.924479166666664,6.4,163.63541666666666,44.12395833333333,8.1,34.9,59.8,88.3
2023-04-19,3.8000000000000003,176.55208333333334,6.848958333333333,3.2,207.06845238095238,23.018526785714286,2.4000000000000004,149.015625,47.229166666666664,15.2,170.4375,50.33541666666667,8.1,34.9,59.8,88.3
2023-04-20,11.2,172.85416666666666,6.138541666666666,0.4,201.16369047619048,20.36636904761905,2.0,149.90104166666666,47.7578125,8.0,170.32291666666666,50.178124999999994,8.1,34.9,59.8,88.3
2023-04-21,0.0,176.78125,6.85625,0.0,210.6774010165864,24.818997458533975,0.0,161.875,55.362500000000004,0.2,177.88541666666666,57.78958333333333,8.1,34.9,59.8,88.3
2023-04-22,0.0,172.85416666666666,6.1343749999999995,0.0,197.2850245786517,18.667126053370787,0.0,142.33333333333334,43.31666666666666,0.2,178.53125,58.46770833333333,8.1,34.9,59.8,88.3
2023-04-23,0.0,170.125,5.625,0.0,189.4906994047619,15.453831845238094,0.0,123.875,33.1625,0.0,162.69791666666666,43.35208333333333,8.1,34.9,59.8,88.3
2023-04-24,0.0,168.8125,5.366666666666667,5.0,183.29464285714286,13.068154761904763,0.0,121.56822916666665,32.01770833333333,0.0,151.39583333333334,34.265625,8.1,34.9,59.8,88.3
2023-04-25,0.2,168.26041666666666,5.267708333333333,6.2,178.8422619047619,11.428273809523809,0.0,128.16875000000002,35.396875,2.8,142.9375,28.38854166666667,8.1,34.9,59.8,88.3
2023-04-26,54.4,171.41666666666666,5.8656250000000005,43.4,181.72951779026218,15.749315308988763,24.0,137.8303125,40.71458333333333,12.4,137.08333333333334,24.75,8.1,34.9,59.8,88.3
2023-04-27,12.200000000000001,228.71875,19.96875,12.8,310.2183988764045,144.58349719101122,30.6,230.6390625,113.77708333333334,88.4,196.89583333333334,88.72395833333333,8.1,34.9,59.8,88.3
2023-04-28,3.6,245.64583333333334,26.269791666666666,1.8,303.41493055555554,105.74385850694443,3.6,294.6666666666667,177.9333333333333,1.0,352.1666666666667,504.1927083333333,8.1,34.9,59.8,88.3
2023-04-29,19.0,300.4270833333333,58.106249999999996,13.4,309.6239845387841,113.20968905594863,0.2,265.5520833333333,144.88489583333333,5.0,315.3645833333333,355.48125,8.1,34.9,59.8,88.3
2023-04-30,3.2,335.0833333333333,89.909375,0.2,347.90900157232704,171.39801493710692,0.2,281.5520833333333,162.51770833333333,1.0,298.9895833333333,298.778125,8.1,34.9,59.8,88.3
2023-05-01,0.8,338.9791666666667,94.20729166666666,0.2,317.328125,124.03359375000001,0.0,272.2083333333333,152.21770833333332,17.8,301.2916666666667,306.43958333333336,8.1,34.9,59.8,88.3
2023-05-02,0.0,342.2083333333333,97.8125,0.0,291.734375,89.94140625,1.0,250.78645833333334,129.525,21.0,274.0104166666667,227.56458333333333,8.1,34.9,59.8,88.3
2023-05-03,1.6,340.25,95.575,0.0,280.4114583333333,76.45260416666667,2.4,226.77723958333334,106.65625,0.0,253.98958333333334,179.43020833333333,8.1,34.9,59.8,88.3
2023-05-04,5.6,346.8229166666667,103.21458333333334,0.0,274.546875,70.0015625,25.200000000000003,205.95442708333334,88.20625,0.6,235.79166666666666,141.83229166666666,8.1,34.9,59.8,88.3
2023-05-05,0.0,343.5104166666667,99.40625,0.2,273.8177083333333,69.21087239583333,0.2,189.67697916666668,75.21979166666667,0.0,225.375,122.82708333333333,8.1,34.9,59.8,88.3
2023-05-06,0.0,326.9583333333333,81.440625,0.0,268.3372395833333,63.53229166666667,0.8,190.52807291666667,75.840625,0.2,218.35416666666666,111.07291666666667,8.1,34.9,59.8,88.3
2023-05-07,0.0,311.3645833333333,66.609375,0.0,261.7096354166667,56.8896484375,0.2,185.09192708333333,71.6953125,0.0,209.53125,97.50833333333333,8.1,34.9,59.8,88.3
2023-05-08,0.0,296.3854166666667,54.17291666666667,0.0,254.79166666666666,50.45520833333333,0.0,180.75682291666666,68.50989583333333,2.4,198.70833333333334,82.315625,8.1,34.9,59.8,88.3
2023-05-09,0.0,281.4270833333333,43.38229166666667,0.0,246.78125,44.42291666666667,0.0,163.86848958333334,56.67916666666667,0.2,189.17708333333334,70.33749999999999,8.1,34.9,59.8,88.3
2023-05-10,0.0,270.3229166666667,36.375,0.0,239.03485576923075,39.76730769230769,0.0,154.06187500000001,50.309374999999996,0.0,180.16666666666666,60.153124999999996,8.1,34.9,59.8,88.3
2023-05-11,0.0,257.9583333333333,29.558333333333334,0.0,231.88076923076923,35.70519230769231,0.0,154.67359375,50.70677083333334,0.0,171.82291666666666,51.61875,8.1,34.9,59.8,88.3
2023-05-12,0.8,248.85416666666666,25.940625,0.0,225.0675480769231,32.0070673076923,0.0,144.7553125,44.668749999999996,0.0,165.33333333333334,45.60104166666667,8.1,34.9,59.8,88.3
2023-05-13,0.0,255.92708333333334,28.480208333333334,0.0,220.3605769230769,29.49334935897436,0.0,142.41078124999999,43.2578125,0.0,159.61458333333334,40.659375,8.1,34.9,59.8,88.3
2023-05-14,0.0,250.88541666666666,26.605208333333334,9.0,221.25,29.991406249999997,17.2,141.38020833333334,42.640625,0.6,155.3125,37.21666666666667,8.1,34.9,59.8,88.3
2023-05-15,0.2,244.11458333333334,24.409375,0.6000000000000001,217.625,28.12421875,0.2,138.94270833333334,41.270833333333336,0.4,154.94791666666666,36.927083333333336,8.1,34.9,59.8,88.3
2023-05-16,3.4000000000000004,237.17708333333334,22.253125,0.2,214.1953125,26.4015625,0.2,133.96354166666666,38.46302083333333,0.4,151.63541666666666,34.39791666666667,8.1,34.9,59.8,88.3
2023-05-17,0.0,230.36458333333334,20.209374999999998,0.0,208.35872395833334,23.607356770833334,1.6,128.96875,35.7828125,1.0,148.10416666666666,31.87291666666667,8.1,34.9,59.8,88.3
2023-05-18,0.0,224.70833333333334,18.557291666666668,16.8,203.341796875,21.307226562500002,2.0,124.078125,33.239583333333336,2.0,145.13541666666666,29.833333333333332,8.1,34.9,59.8,88.3
2023-05-19,0.0,219.29166666666666,17.04583333333333,0.4,198.46875,19.1109375,0.0,116.71546052631578,29.620860745614035,0.4,141.79166666666666,27.633333333333336,8.1,34.9,59.8,88.3
2023-05-20,0.0,215.20833333333334,15.916666666666666,1.6,197.84375,18.8375,0.6,113.04495614035089,27.846326754385966,1.2000000000000002,135.51041666666666,23.858854166666664,8.1,34.9,59.8,88.3
2023-05-21,0.0,211.88541666666666,15.030208333333334,0.2,194.0078125,17.2609375,0.0,109.234375,26.096875,0.2,130.17708333333334,20.85625,8.1,34.9,59.8,88.3
2023-05-22,0.0,207.45833333333334,13.870833333333332,0.0,191.15625,16.06640625,0.0,92.21875,18.955208333333335,0.0,127.29166666666667,19.34583333333333,8.1,34.9,59.8,88.3
2023-05-23,0.0,202.375,12.590625000000001,0.0,186.8515625,14.428906249999999,0.0,90.16666666666667,18.251041666666666,0.0,121.16666666666667,17.352083333333333,8.1,34.9,59.8,88.3
2023-05-24,12.0,198.72916666666666,11.696875,5.2,184.6171875,13.546875,0.0,83.27083333333333,15.647916666666667,0.0,123.22916666666667,27.900000000000002,8.1,34.9,59.8,88.3
2023-05-25,0.0,196.09375,11.0875,0.2,183.578125,13.17734375,0.0,82.59895833333333,15.459375,0.0,118.14583333333333,24.916666666666668,8.1,34.9,59.8,88.3
2023-05-26,0.0,191.78125,10.089583333333334,0.0,179.83854166666666,11.839648437500001,0.0,80.92177083333333,14.835416666666667,0.0,116.0625,23.775000000000002,8.1,34.9,59.8,88.3
2023-05-27,0.0,187.69791666666666,9.147916666666667,0.0,176.15885416666666,10.8666015625,0.0,85.16666666666667,16.348958333333332,0.0,113.04166666666667,22.129166666666666,8.1,34.9,59.8,88.3
2023-05-28,0.0,185.19791666666666,8.638541666666667,0.0,172.8125,10.250781250000001,0.0,82.40625,15.367708333333333,0.0,109.21875,20.209375,8.1,34.9,59.8,88.3
2023-05-29,0.0,180.95833333333334,7.70625,3.8,171.078125,9.961718750000001,0.4,78.77083333333333,14.121875000000001,4.6000000000000005,106.16666666666667,18.709375,8.1,34.9,59.8,88.3
2023-05-30,0.0,177.82291666666666,7.064583333333334,0.0,168.14322916666666,9.519205729166666,0.8,75.45833333333333,13.039583333333333,0.2,102.86458333333333,17.208333333333332,8.1,34.9,59.8,88.3
2023-05-31,0.0,175.07291666666666,6.514583333333333,0.0,165.20052083333334,9.012825520833333,0.0,71.60416666666667,11.8375,0.0,99.875,15.950000000000001,8.1,34.9,59.8,88.3
2023-06-01,0.0,172.47916666666666,6.069791666666667,0.0,162.296875,8.587760416666667,0.0,67.65625,10.663541666666667,0.0,96.57291666666667,14.629166666666668,8.1,34.9,59.8,88.3
2023-06-02,0.0,168.95833333333334,5.394791666666666,0.0,158.744140625,8.041666666666666,0.0,64.32291666666667,9.719791666666667,0.2,93.0,13.240625,8.1,34.9,59.8,88.3
2023-06-03,0.0,167.63541666666666,5.169791666666667,0.0,155.849609375,7.611979166666667,0.0,61.052083333333336,8.853125,0.0,89.75,12.065624999999999,8.1,34.9,59.8,88.3
2023-06-04,0.0,166.33333333333334,4.963541666666667,0.0,152.638671875,7.135872395833334,0.0,58.25,8.104166666666666,0.0,86.42708333333333,10.957291666666668,8.1,34.9,59.8,88.3
2023-06-05,0.0,163.20833333333334,4.4125000000000005,0.0,149.705078125,6.6802734374999995,2.4,56.583333333333336,7.708333333333333,0.2,83.9375,10.154166666666667,8.1,34.9,59.8,88.3
2023-06-06,0.0,160.8125,4.015625,0.0,146.65625,6.26953125,1.4,53.75,7.010416666666667,14.2,82.72916666666667,9.7375,8.1,34.9,59.8,88.3
2023-06-07,0.0,150.6015625,2.518489583333333,0.2,141.046875,5.4820312499999995,0.0,49.96875,6.161458333333333,0.0,80.77083333333333,9.200000000000001,8.1,34.9,59.8,88.3
2023-06-08,0.6000000000000001,148.07552083333334,2.2075520833333333,0.0,134.625,4.63203125,0.0,47.678385416666664,5.66328125,0.0,77.04166666666667,8.15,8.1,34.9,59.8,88.3
2023-06-09,0.0,147.50520833333334,2.1505208333333337,0.0,132.13346354166666,4.313346354166667,0.0,41.31796875,4.379947916666667,0.0,72.38541666666667,6.967708333333333,8.1,34.9,59.8,88.3
2023-06-10,0.0,147.0,2.1,0.0,130.28190104166666,4.126822916666666,0.0,38.53125,3.90625,0.0,69.85416666666667,6.370833333333334,8.1,34.9,59.8,88.3
2023-06-11,0.0,147.0,2.1,0.0,129.14374999999998,3.9715624999999997,0.0,40.020833333333336,4.164322916666667,0.0,67.66666666666667,5.8843749999999995,8.1,34.9,59.8,88.3
2023-06-12,0.0,147.0,2.1,0.0,127.70390625,3.7765494791666665,0.0,38.708333333333336,3.9606770833333336,0.0,65.45833333333333,5.391666666666667,8.1,34.9,59.8,88.3
2023-06-13,0.0,147.0,2.1,0.0,126.1171875,3.61171875,0.0,33.604166666666664,3.060416666666667,0.0,64.15625,5.13125,8.1,34.9,59.8,88.3
2023-06-14,0.0,147.0,2.1,0.0,125.55989583333333,3.5559895833333335,0.0,33.572916666666664,3.0510416666666664,0.0,62.927083333333336,4.8875,8.1,34.9,59.8,88.3
2023-06-15,0.8,147.0,2.1,0.4,124.1171875,3.41171875,2.4,33.03125,3.001041666666667,0.0,62.28125,4.772916666666666,8.1,34.9,59.8,88.3
2023-06-16,0.0,147.0,2.1,0.0,124.0,3.4,0.2,34.010416666666664,3.1437500000000003,0.0,62.083333333333336,4.719791666666667,8.1,34.9,59.8,88.3
2023-06-17,0.0,147.0,2.1,0.0,123.921875,3.38828125,0.0,32.6875,2.936458333333333,1.8,62.1875,4.758333333333334,8.1,34.9,59.8,88.3
2023-06-18,0.0,147.0,2.1,0.0,122.65625,3.1773437500000004,0.0,32.177083333333336,2.8385416666666665,0.0,61.041666666666664,4.590625,8.1,34.9,59.8,88.3
2023-06-19,0.0,146.9296875,2.0859375,3.6000000000000005,122.9609375,3.1960937499999997,6.6,31.802083333333332,2.794791666666667,0.0,60.572916666666664,4.508333333333334,8.1,34.9,59.8,88.3
2023-06-20,1.7999999999999998,146.07552083333334,1.9151041666666666,5.6,122.1171875,3.11171875,16.6,34.833333333333336,3.282291666666667,7.800000000000001,60.96875,4.567708333333333,8.1,34.9,59.8,88.3
2023-06-21,5.4,146.0,1.8999999999999997,3.4000000000000004,121.96875,3.0968750000000003,2.6,40.458333333333336,4.23125,3.0000000000000004,63.697916666666664,5.04375,8.1,34.9,59.8,88.3
2023-06-22,0.0,146.0,1.8999999999999997,0.0,121.20758928571428,3.0207589285714285,0.0,40.239583333333336,4.190625,0.0,61.322916666666664,4.623958333333333,8.1,34.9,59.8,88.3
2023-06-23,0.0,145.57552083333334,1.8151041666666667,0.0,118.81780133928572,2.7817801339285713,0.0,38.666666666666664,3.9333333333333336,0.0,59.427083333333336,4.285416666666667,8.1,34.9,59.8,88.3
2023-06-24,0.0,145.5,1.7999999999999998,0.2,118.60481770833333,2.7604817708333336,0.0,38.354166666666664,3.870833333333333,2.6,60.052083333333336,4.369270833333333,8.1,34.9,59.8,88.3
2023-06-25,0.0,143.49739583333334,1.4593749999999999,0.0,117.15104166666667,2.615104166666667,0.0,38.40625,3.8812499999999996,0.0,61.510416666666664,4.648958333333334,8.1,34.9,59.8,88.3
2023-06-26,0.0,141.92708333333334,1.1739583333333334,0.0,117.0,2.6,0.0,37.9375,3.7874999999999996,0.0,60.34375,4.46875,8.1,34.9,59.8,88.3
2023-06-27,0.0,141.29166666666666,1.0583333333333333,2.0,115.75,2.475,0.4,37.614583333333336,3.7229166666666664,2.4000000000000004,59.833333333333336,4.366666666666667,8.1,34.9,59.8,88.3
2023-06-28,0.0,141.16666666666666,1.0333333333333334,0.0,115.02083333333333,2.402083333333333,0.0,36.8125,3.5812500000000003,0.0,59.375,4.275,8.1,34.9,59.8,88.3
2023-06-29,0.0,141.30208333333334,1.0604166666666666,0.0,114.75,2.375,0.0,35.90625,3.478125,0.0,58.385416666666664,4.086458333333334,8.1,34.9,59.8,88.3
2023-06-30,0.0,141.30208333333334,1.0604166666666666,0.0,114.08333333333333,2.308333333333333,0.6,35.385416666666664,3.377083333333333,0.0,57.90625,3.9947916666666665,8.1,34.9,59.8,88.3
2023-07-01,0.0,141.30208333333334,1.0604166666666666,0.0,113.98958333333333,2.298958333333333,0.0,34.96875,3.292708333333333,0.0,57.375,3.935416666666667,8.1,34.9,59.8,88.3
2023-07-02,0.0,141.92708333333334,1.1854166666666666,0.0,113.10416666666667,2.2104166666666667,0.0,34.59375,3.217708333333333,0.0,56.270833333333336,3.7531250000000003,8.1,34.9,59.8,88.3
2023-07-03,0.0,141.58333333333334,1.1166666666666667,0.0,113.08333333333333,2.2083333333333335,0.0,34.03125,3.110416666666667,0.0,55.71875,3.6510416666666665,8.1,34.9,59.8,88.3
2023-07-04,0.0,144.11458333333334,1.53125,0.0,113.52083333333333,2.2520833333333337,0.0,33.760416666666664,3.078125,0.0,55.145833333333336,3.5385416666666667,8.1,34.9,59.8,88.3
2023-07-05,0.0,144.61458333333334,1.6229166666666668,0.0,115.86458333333333,2.486458333333333,0.0,33.6875,3.0708333333333333,0.0,54.822916666666664,3.4895833333333335,8.1,34.9,59.8,88.3
2023-07-06,0.0,144.48958333333334,1.5979166666666667,0.0,116.20833333333333,2.5208333333333335,0.0,34.53125,3.2072916666666664,0.0,54.635416666666664,3.4656249999999997,8.1,34.9,59.8,88.3
2023-07-07,0.0,144.59375,1.6187500000000001,0.0,116.5,2.5500000000000003,0.0,34.135416666666664,3.1281250000000003,0.0,55.09375,3.530208333333333,8.1,34.9,59.8,88.3
2023-07-08,0.0,144.64583333333334,1.6291666666666667,0.0,116.28125,2.528125,0.8,34.25,3.15,0.6000000000000001,54.9375,3.516666666666667,8.1,34.9,59.8,88.3
2023-07-09,0.0,145.0,1.7,0.0,115.01041666666667,2.4010416666666665,0.2,33.947916666666664,3.1218749999999997,0.0,54.9375,3.517708333333333,8.1,34.9,59.8,88.3
2023-07-10,0.0,144.51041666666666,1.6041666666666667,0.0,116.0625,2.50625,0.0,34.333333333333336,3.173958333333333,0.0,54.53125,3.4406250000000003,8.1,34.9,59.8,88.3
2023-07-11,0.0,144.42708333333334,1.5854166666666665,0.0,115.47916666666667,2.4479166666666665,0.0,35.0,3.3000000000000003,0.0,55.0625,3.5260416666666665,8.1,34.9,59.8,88.3
2023-07-12,0.0,144.36458333333334,1.5729166666666667,0.0,115.71875,2.4718750000000003,0.0,34.84375,3.2687500000000003,0.0,55.125,3.5354166666666664,8.1,34.9,59.8,88.3
2023-07-13,0.0,144.54166666666666,1.6083333333333334,0.0,115.35416666666667,2.4354166666666663,0.0,34.916666666666664,3.283333333333333,0.0,55.041666666666664,3.5281249999999997,8.1,34.9,59.8,88.3
2023-07-14,0.0,144.57291666666666,1.6145833333333333,0.0,115.48958333333333,2.448958333333333,0.0,35.041666666666664,3.308333333333333,0.0,55.270833333333336,3.5697916666666667,8.1,34.9,59.8,88.3
2023-07-15,0.0,144.46875,1.59375,0.0,115.32291666666667,2.4322916666666665,0.0,35.458333333333336,3.391666666666666,0.0,55.010416666666664,3.530208333333333,8.1,34.9,59.8,88.3
2023-07-16,0.0,144.90625,1.6812500000000001,0.0,116.02083333333333,2.502083333333333,3.4,35.71875,3.44375,0.0,55.239583333333336,3.553125,8.1,34.9,59.8,88.3
2023-07-17,0.0,144.55208333333334,1.6104166666666666,0.0,115.96875,2.4968749999999997,0.0,35.838541666666664,3.4635416666666665,0.0,55.25,3.564583333333333,8.1,34.9,59.8,88.3
2023-07-18,0.0,144.90625,1.6822916666666667,0.0,115.36458333333333,2.4364583333333334,0.0,35.0,3.3000000000000003,0.0,55.145833333333336,3.544791666666667,8.1,34.9,59.8,88.3
2023-07-19,0.0,145.35416666666666,1.7708333333333333,0.0,115.57291666666667,2.457291666666667,0.0,35.140625,3.328125,0.0,55.4375,3.5885416666666665,8.1,34.9,59.8,88.3
2023-07-20,0.0,145.22916666666666,1.7458333333333333,0.0,115.3125,2.43125,0.0,36.0,3.5,0.0,55.53125,3.609375,8.1,34.9,59.8,88.3
2023-07-21,0.0,144.75,1.6500000000000001,0.0,115.41666666666667,2.441666666666667,0.0,36.0,3.5,0.0,55.03125,3.521875,8.1,34.9,59.8,88.3
2023-07-22,0.0,145.16666666666666,1.7322916666666666,0.0,115.72916666666667,2.472916666666667,0.0,36.0,3.5,0.0,54.697916666666664,3.46875,8.1,34.9,59.8,88.3
2023-07-23,0.0,145.84375,1.8666666666666665,0.0,115.73958333333333,2.4739583333333335,0.0,36.0,3.5,0.0,55.0,3.514583333333333,8.1,34.9,59.8,88.3
2023-07-24,0.0,147.625,2.1437500000000003,0.0,116.20833333333333,2.5208333333333335,0.0,35.9296875,3.4859375,0.0,55.239583333333336,3.5541666666666667,8.1,34.9,59.8,88.3
2023-07-25,0.0,148.0,2.2,0.0,115.36458333333333,2.4364583333333334,0.0,35.075520833333336,3.3151041666666665,0.0,54.989583333333336,3.5083333333333333,8.1,34.9,59.8,88.3
2023-07-26,0.0,148.0,2.2,0.0,115.07291666666667,2.4072916666666666,0.0,35.0,3.2999999999999994,0.0,55.052083333333336,3.521875,8.1,34.9,59.8,88.3
2023-07-27,0.0,147.57552083333334,2.1575520833333335,0.0,115.36458333333333,2.4364583333333334,0.0,35.0,3.2999999999999994,0.0,54.239583333333336,3.396875,8.1,34.9,59.8,88.3
2023-07-28,0.0,147.92447916666666,2.192447916666667,0.0,114.94791666666667,2.3947916666666664,0.0,35.0703125,3.3140625,0.0,53.96875,3.3822916666666667,8.1,34.9,59.8,88.3
2023-07-29,0.0,147.57552083333334,2.1575520833333335,0.0,114.625,2.3625,0.0,35.924479166666664,3.4848958333333333,0.0,53.875,3.3677083333333333,8.1,34.9,59.8,88.3
2023-07-30,0.0,148.34895833333334,2.2348958333333333,0.0,114.92708333333333,2.392708333333333,0.0,36.0,3.5,0.0,53.40625,3.2927083333333336,8.1,34.9,59.8,88.3
2023-07-31,0.0,148.14583333333334,2.2145833333333336,0.0,115.09375,2.409375,0.0,36.0,3.5,0.0,53.354166666666664,3.2854166666666664,8.1,34.9,59.8,88.3
2023-08-01,0.0,148.5,2.25,0.0,114.75,2.375,0.0,35.9296875,3.4859375,0.0,53.145833333333336,3.251041666666667,8.1,34.9,59.8,88.3
2023-08-02,0.0,148.4296875,2.2429687499999997,0.0,114.53125,2.353125,0.0,35.075520833333336,3.3151041666666665,0.0,53.354166666666664,3.2875,8.1,34.9,59.8,88.3
2023-08-03,0.0,148.0703125,2.2070312500000004,0.0,114.53125,2.353125,0.0,35.0,3.2999999999999994,0.0,52.833333333333336,3.189583333333333,8.1,34.9,59.8,88.3
2023-08-04,0.0,148.4296875,2.2429687499999997,0.0,114.63541666666667,2.3635416666666664,0.0,35.0,3.2999999999999994,0.2,52.520833333333336,3.158333333333333,8.1,34.9,59.8,88.3
2023-08-05,0.0,148.0,2.2,0.0,114.33333333333333,2.3333333333333335,0.0,35.0,3.2999999999999994,0.0,52.104166666666664,3.110416666666667,8.1,34.9,59.8,88.3
2023-08-06,0.0,148.49479166666666,2.2494791666666667,0.0,114.77083333333333,2.377083333333333,0.0,35.0,3.2999999999999994,0.0,52.052083333333336,3.1052083333333336,8.1,34.9,59.8,88.3
2023-08-07,0.0,148.57552083333334,2.257552083333333,0.0,115.02083333333333,2.402083333333333,0.0,34.859375,3.27890625,0.0,51.677083333333336,3.0625,8.1,34.9,59.8,88.3
2023-08-08,0.0,148.4296875,2.2429687499999997,0.4,114.4443789308176,2.344437893081761,0.0,33.151041666666664,3.0226562500000003,0.0,51.270833333333336,2.997916666666667,8.1,34.9,59.8,88.3
2023-08-09,0.0,148.0,2.2,0.0,115.76876209482343,2.4768762094823416,0.0,33.0,3.0,0.0,50.854166666666664,2.9614583333333333,8.1,34.9,59.8,88.3
2023-08-10,0.0,148.0703125,2.2070312500000004,0.0,114.6875,2.36875,0.0,33.0,3.0,0.0,50.1875,2.8625000000000003,8.1,34.9,59.8,88.3
2023-08-11,0.0,148.5,2.25,0.0,114.66185897435896,2.3661858974358974,0.0,33.0,3.0,0.0,50.0,2.8249999999999997,8.1,34.9,59.8,88.3
2023-08-12,0.0,148.5,2.25,0.4,115.44791666666667,2.4447916666666667,0.0,33.0,3.0,0.0,49.864583333333336,2.7937499999999997,8.1,34.9,59.8,88.3
2023-08-13,0.0,148.92447916666666,2.2924479166666667,0.0,115.51041666666667,2.4510416666666663,0.0,33.0,3.0,0.0,49.697916666666664,2.7760416666666665,8.1,34.9,59.8,88.3
2023-08-14,0.0,148.57552083333334,2.257552083333333,0.0,116.0,2.5,0.0,33.0,3.0,0.0,49.84375,2.7937499999999997,8.1,34.9,59.8,88.3
2023-08-15,0.0,148.5,2.25,0.0,116.0,2.5,0.0,33.989583333333336,3.1484375,0.0,50.09375,2.8343749999999996,8.1,34.9,59.8,88.3
2023-08-16,0.0,148.5,2.25,0.0,116.0,2.5,0.0,35.0,3.2999999999999994,0.0,51.114583333333336,2.9875000000000003,8.1,34.9,59.8,88.3
2023-08-17,0.0,148.5,2.25,0.0,115.50520833333333,2.4505208333333335,0.0,35.0,3.2999999999999994,0.0,50.916666666666664,2.969791666666667,8.1,34.9,59.8,88.3
2023-08-18,0.0,148.78125,2.28515625,0.0,115.49479166666667,2.449479166666667,0.0,35.0,3.2999999999999994,0.0,50.427083333333336,2.9,8.1,34.9,59.8,88.3
2023-08-19,0.0,152.69270833333334,2.7687500000000003,0.0,115.375,2.4375,2.4,35.0,3.2999999999999994,0.0,49.895833333333336,2.810416666666667,8.1,34.9,59.8,88.3
2023-08-20,0.0,153.99479166666666,2.9919270833333336,0.0,116.0,2.5,0.0,35.0,3.2999999999999994,0.0,51.239583333333336,3.0114583333333336,8.1,34.9,59.8,88.3
2023-08-21,4.2,153.9921875,2.9778645833333335,0.0,121.00520833333333,3.040104166666667,0.0,35.0,3.2999999999999994,0.0,52.270833333333336,3.126041666666667,8.1,34.9,59.8,88.3
2023-08-22,0.0,155.65625,3.220833333333333,0.0,124.15625,3.415625,0.0,35.0,3.2999999999999994,0.0,53.09375,3.235416666666667,8.1,34.9,59.8,88.3
2023-08-23,0.0,156.98958333333334,3.3989583333333333,0.0,125.76041666666667,3.576041666666667,0.0,35.28125,3.34921875,0.0,54.90625,3.513541666666667,8.1,34.9,59.8,88.3
2023-08-24,4.2,156.97916666666666,3.3979166666666667,0.0,127.125,3.7125000000000004,0.0,38.28125,3.8638020833333333,0.0,55.072916666666664,3.5375,8.1,34.9,59.8,88.3
2023-08-25,0.0,157.47916666666666,3.5124999999999997,0.0,127.64583333333333,3.764583333333333,0.0,39.140625,4.0210937499999995,0.0,55.989583333333336,3.701041666666667,8.1,34.9,59.8,88.3
2023-08-26,0.0,158.08333333333334,3.608333333333334,0.0,128.44791666666666,3.844791666666666,0.0,40.848958333333336,4.27734375,0.0,56.927083333333336,3.8635416666666664,8.1,34.9,59.8,88.3
2023-08-27,0.0,158.625,3.6625,0.0,129.41666666666666,3.9822916666666663,0.0,41.0,4.3,0.0,57.28125,3.921875,8.1,34.9,59.8,88.3
2023-08-28,0.0,158.16666666666666,3.6031250000000004,0.0,130.0,4.1,0.0,40.9296875,4.29296875,0.2,58.28125,4.0625,8.1,34.9,59.8,88.3
2023-08-29,0.0,156.51041666666666,3.3510416666666667,0.0,129.61458333333334,4.029166666666666,0.0,40.075520833333336,4.207552083333334,0.0,59.104166666666664,4.2250000000000005,8.1,34.9,59.8,88.3
2023-08-30,0.0,156.89583333333334,3.389583333333333,0.0,128.0,3.7999999999999994,0.0,40.0,4.2,0.0,59.572916666666664,4.314583333333334,8.1,34.9,59.8,88.3
2023-08-31,0.0,157.01041666666666,3.402083333333333,0.0,127.91666666666667,3.7916666666666665,0.0,40.0,4.2,0.0,59.21875,4.244791666666667,8.1,34.9,59.8,88.3
2023-09-01,0.0,157.41666666666666,3.483333333333333,0.0,128.01041666666666,3.8010416666666664,0.0,40.0,4.2,0.0,58.322916666666664,4.0875,8.1,34.9,59.8,88.3
2023-09-02,0.0,157.375,3.478125,0.0,128.15625,3.8156250000000003,0.0,40.0,4.2,0.0,58.15625,4.0531250000000005,8.1,34.9,59.8,88.3
2023-09-03,0.0,156.92708333333334,3.392708333333333,0.0,128.0,3.8000000000000003,0.0,40.0,4.2,0.0,58.09375,4.034375,8.1,34.9,59.8,88.3
2023-09-04,0.0,156.82291666666666,3.3854166666666665,0.0,127.96875,3.796875,0.0,40.0,4.2,0.0,58.354166666666664,4.089583333333334,8.1,34.9,59.8,88.3
2023-09-05,0.0,155.10416666666666,3.141666666666667,0.0,127.34375,3.734375,0.0,39.505208333333336,4.101041666666666,0.0,57.635416666666664,3.9614583333333333,8.1,34.9,59.8,88.3
2023-09-06,0.0,154.33333333333334,3.033333333333333,0.0,125.375,3.5375,0.0,39.0,4.0,0.0,57.395833333333336,3.923958333333333,8.1,34.9,59.8,88.3
2023-09-07,0.0,154.10416666666666,3.0104166666666665,0.0,124.91666666666667,3.4916666666666667,0.0,39.0,4.0,0.0,56.875,3.8364583333333333,8.1,34.9,59.8,88.3
2023-09-08,0.0,154.65625,3.0656250000000003,0.0,124.59375,3.459375,0.0,38.505208333333336,3.9010416666666665,0.0,55.822916666666664,3.670833333333333,8.1,34.9,59.8,88.3
2023-09-09,0.0,154.95833333333334,3.095833333333333,0.0,124.98958333333333,3.498958333333333,0.0,38.0,3.7999999999999994,0.0,55.260416666666664,3.576041666666667,8.1,34.9,59.8,88.3
2023-09-10,0.0,155.14583333333334,3.1291666666666664,0.0,124.98958333333333,3.498958333333333,0.0,38.0,3.7999999999999994,0.0,55.197916666666664,3.5697916666666667,8.1,34.9,59.8,88.3
2023-09-11,0.0,155.16666666666666,3.1364583333333336,0.0,124.60416666666667,3.4604166666666667,0.0,38.0,3.7999999999999994,0.0,54.645833333333336,3.4604166666666667,8.1,34.9,59.8,88.3
2023-09-12,0.0,154.86458333333334,3.0864583333333333,0.0,124.0,3.4,0.0,37.9296875,3.7859374999999997,0.0,54.739583333333336,3.485416666666667,8.1,34.9,59.8,88.3
2023-09-13,0.0,154.60416666666666,3.060416666666667,0.0,124.13541666666667,3.4135416666666667,0.0,37.075520833333336,3.615104166666667,0.0,54.75,3.4739583333333335,8.1,34.9,59.8,88.3
2023-09-14,0.0,154.97916666666666,3.1,0.0,124.0,3.4,0.0,37.098958333333336,3.627083333333333,0.0,54.583333333333336,3.446875,8.1,34.9,59.8,88.3
2023-09-15,0.0,156.71875,3.3718749999999997,0.0,124.4375,3.44375,0.0,36.708333333333336,3.5708333333333333,0.0,53.854166666666664,3.3406249999999997,8.1,34.9,59.8,88.3
2023-09-16,0.0,157.0,3.4010416666666665,0.0,126.05208333333333,3.6052083333333336,0.0,37.463541666666664,3.6999999999999997,0.0,53.770833333333336,3.3489583333333335,8.1,34.9,59.8,88.3
2023-09-17,0.0,157.0,3.4,0.0,127.30208333333333,3.7302083333333336,0.0,38.802083333333336,3.9604166666666667,0.0,53.989583333333336,3.373958333333333,8.1,34.9,59.8,88.3
2023-09-18,0.0,157.25,3.4499999999999997,0.0,127.70833333333333,3.7708333333333335,0.0,39.6875,4.129166666666667,0.0,54.947916666666664,3.5083333333333333,8.1,34.9,59.8,88.3
2023-09-19,0.0,156.76041666666666,3.373958333333333,0.0,127.03125,3.703125,0.0,39.979166666666664,4.176041666666667,0.0,55.614583333333336,3.6281250000000003,8.1,34.9,59.8,88.3
2023-09-20,0.0,154.55208333333334,3.0552083333333333,0.0,126.6875,3.6687499999999997,0.0,39.666666666666664,4.129166666666667,0.0,55.625,3.644791666666667,8.1,34.9,59.8,88.3
2023-09-21,0.0,154.33333333333334,3.0343750000000003,0.0,124.51041666666667,3.451041666666667,0.0,39.385416666666664,4.075,0.0,55.8125,3.6687499999999997,8.1,34.9,59.8,88.3
2023-09-22,0.0,154.30208333333334,3.030208333333333,0.0,123.91666666666667,3.3833333333333333,0.0,37.59375,3.720833333333333,0.0,55.03125,3.5385416666666667,8.1,34.9,59.8,88.3
2023-09-23,0.0,153.70833333333334,2.938541666666667,0.0,123.47916666666667,3.295833333333333,0.0,37.8125,3.7624999999999997,0.0,53.614583333333336,3.3322916666666664,8.1,34.9,59.8,88.3
2023-09-24,0.0,153.9375,2.9875000000000003,0.0,123.0,3.2000000000000006,0.0,37.260416666666664,3.665625,0.0,53.552083333333336,3.31875,8.1,34.9,59.8,88.3
2023-09-25,0.0,153.84375,2.96875,0.0,123.0,3.2000000000000006,0.0,36.583333333333336,3.5583333333333336,0.0,53.052083333333336,3.2541666666666664,8.1,34.9,59.8,88.3
2023-09-26,0.0,153.78125,2.9562500000000003,0.0,122.70833333333333,3.170833333333334,0.0,36.71875,3.576041666666667,0.0,52.229166666666664,3.1208333333333336,8.1,34.9,59.8,88.3
2023-09-27,0.0,153.875,2.975,0.0,122.98958333333333,3.1989583333333336,0.0,36.072916666666664,3.49375,0.0,51.895833333333336,3.0854166666666667,8.1,34.9,59.8,88.3
2023-09-28,0.0,154.6875,3.06875,0.0,122.97916666666667,3.1979166666666665,0.0,36.25,3.5114583333333336,0.0,51.96875,3.0989583333333335,8.1,34.9,59.8,88.3
2023-09-29,0.0,155.0,3.1,0.0,123.05208333333333,3.2104166666666667,0.0,36.260416666666664,3.525,0.0,51.916666666666664,3.0906249999999997,8.1,34.9,59.8,88.3
2023-09-30,0.0,155.0,3.1,0.0,123.78125,3.3562499999999997,0.0,36.401289682539684,3.5390873015873017,0.0,51.927083333333336,3.0854166666666667,8.1,34.9,59.8,88.3
2023-10-01,0.0,155.5625,3.2114583333333333,0.0,124.125,3.4124999999999996,0.0,36.92162698412698,3.604662698412698,0.0,52.041666666666664,3.1041666666666665,8.1,34.9,59.8,88.3
2023-10-02,0.0,155.6875,3.2375000000000003,0.0,124.5625,3.4562500000000003,0.0,37.416666666666664,3.6833333333333336,0.0,52.395833333333336,3.1458333333333335,8.1,34.9,59.8,88.3
2023-10-03,0.0,155.39583333333334,3.1791666666666667,0.0,124.02083333333333,3.402083333333333,0.0,37.44669117647059,3.691421568627451,0.0,52.59375,3.171875,8.1,34.9,59.8,88.3
2023-10-04,0.0,155.0,3.1010416666666667,0.0,124.0,3.4,0.0,37.50420168067227,3.7008403361344535,0.0,52.489583333333336,3.1635416666666667,8.1,34.9,59.8,88.3
2023-10-05,0.0,155.04166666666666,3.110416666666667,0.0,124.0,3.4,0.0,38.319940476190474,3.863988095238095,0.0,52.739583333333336,3.1843749999999997,8.1,34.9,59.8,88.3
2023-10-06,0.0,163.1875,4.4312499999999995,0.0,124.51041666666667,3.451041666666667,0.0,40.385416666666664,4.236458333333333,0.0,53.15625,3.2427083333333333,8.1,34.9,59.8,88.3
2023-10-07,0.0,167.625,5.163541666666666,0.0,131.76041666666666,4.284375,0.0,41.177083333333336,4.340625,0.0,55.166666666666664,3.5572916666666665,8.1,34.9,59.8,88.3
2023-10-08,0.0,168.40625,5.286458333333333,0.0,136.82291666666666,4.938541666666667,0.0,45.17327235772358,5.1346544715447155,0.0,56.395833333333336,3.7708333333333335,8.1,34.9,59.8,88.3
2023-10-09,0.0,168.69791666666666,5.339583333333334,0.0,138.44791666666666,5.144791666666666,0.0,48.72935445387063,5.865300238600213,0.0,59.677083333333336,4.3343750000000005,8.1,34.9,59.8,88.3
2023-10-10,0.0,168.96875,5.393750000000001,0.0,138.54166666666666,5.154166666666667,0.0,50.58695652173913,6.306295289855073,0.0,63.020833333333336,4.909375,8.1,34.9,59.8,88.3
2023-10-11,0.0,169.86458333333334,5.572916666666667,0.0,138.89583333333334,5.189583333333333,0.0,51.430989583333336,6.486197916666666,0.0,65.13541666666667,5.327083333333333,8.1,34.9,59.8,88.3
2023-10-12,0.0,165.02083333333334,4.7093750000000005,0.0,138.92708333333334,5.211458333333334,0.0,52.26171875,6.65234375,0.0,66.54166666666667,5.610416666666667,8.1,34.9,59.8,88.3
2023-10-13,0.0,163.39583333333334,4.438541666666667,0.0,134.94791666666666,4.703125,0.0,52.62372967479675,6.738287601626016,0.0,67.45833333333333,5.840625,8.1,34.9,59.8,88.3
2023-10-14,0.0,163.1875,4.417708333333334,0.0,133.77083333333334,4.552083333333333,0.0,50.19589751818571,6.213850556268721,0.0,67.94039351851852,5.94537037037037,8.1,34.9,59.8,88.3
2023-10-15,0.0,163.41666666666666,4.441666666666667,0.0,134.04166666666666,4.604166666666666,0.0,49.54495614035088,6.063486842105263,0.0,66.54398148148148,5.622337962962963,8.1,34.9,59.8,88.3
2023-10-16,0.0,163.5,4.45,0.0,134.42708333333334,4.642708333333333,0.0,49.885416666666664,6.1656249999999995,0.0,65.875,5.4750000000000005,8.1,34.9,59.8,88.3
2023-10-17,0.0,163.96875,4.501041666666667,0.0,134.0,4.6,0.0,49.322916666666664,6.0062500000000005,0.0,65.47916666666667,5.395833333333333,8.1,34.9,59.8,88.3
2023-10-18,0.0,163.60416666666666,4.45,0.0,134.01041666666666,4.601041666666666,0.0,48.958333333333336,5.913541666666667,0.0,65.39583333333333,5.379166666666666,8.1,34.9,59.8,88.3
2023-10-19,0.0,164.30208333333334,4.560416666666667,0.0,134.16666666666666,4.6000000000000005,0.0,49.22944819819819,5.97508445945946,0.0,65.46875,5.39375,8.1,34.9,59.8,88.3
2023-10-20,0.0,164.27083333333334,4.554166666666666,0.0,134.19791666666666,4.619791666666667,0.0,49.35388513513514,6.018665540540542,0.0,65.26041666666667,5.352083333333333,8.1,34.9,59.8,88.3
2023-10-21,0.0,164.36458333333334,4.572916666666667,0.0,134.375,4.6375,0.0,48.645833333333336,5.873958333333333,0.0,64.94791666666667,5.289583333333334,8.1,34.9,59.8,88.3
2023-10-22,0.0,164.69791666666666,4.640625,0.0,134.57291666666666,4.657291666666667,0.0,45.989583333333336,5.297916666666667,0.0,64.17708333333333,5.135416666666667,8.1,34.9,59.8,88.3
2023-10-23,0.0,165.01041666666666,4.702083333333333,0.0,134.34375,4.6343749999999995,0.0,44.59214743589744,5.018429487179487,0.0,62.625,4.836458333333334,8.1,34.9,59.8,88.3
2023-10-24,0.0,164.63541666666666,4.627083333333333,0.0,134.19791666666666,4.619791666666667,0.0,44.66293386491557,5.032586772983114,0.0,61.302083333333336,4.6125,8.1,34.9,59.8,88.3
2023-10-25,0.0,163.8125,4.488541666666667,0.0,134.01041666666666,4.601041666666666,0.0,46.347121568039455,5.381403480274557,0.0,61.166666666666664,4.59375,8.1,34.9,59.8,88.3
2023-10-26,0.0,164.01041666666666,4.5093749999999995,0.0,134.02083333333334,4.602083333333333,0.0,44.78045644487303,5.0560912889746055,0.0,61.6875,4.684375,8.1,34.9,59.8,88.3
2023-10-27,0.0,163.57291666666666,4.457291666666667,0.0,134.14583333333334,4.614583333333333,0.0,43.575674019607845,4.815134803921569,0.0,60.729166666666664,4.530208333333333,8.1,34.9,59.8,88.3
2023-10-28,0.0,163.90625,4.492708333333334,0.0,134.04166666666666,4.604166666666666,0.0,42.55625,4.61125,0.0,60.572916666666664,4.5062500000000005,8.1,34.9,59.8,88.3
2023-10-29,0.0,164.14583333333334,4.529166666666667,0.0,134.13541666666666,4.613541666666666,0.0,42.188033536585365,4.537606707317074,0.0,60.583333333333336,4.515625,8.1,34.9,59.8,88.3
2023-10-30,0.0,163.75,4.488541666666667,0.0,134.01041666666666,4.601041666666666,0.0,43.021341463414636,4.704268292682927,0.0,60.541666666666664,4.508333333333334,8.1,34.9,59.8,88.3
2023-10-31,0.0,161.6875,4.15125,0.0,133.86121134020618,4.572371134020618,0.0,42.1,4.5200000000000005,0.0,60.7625,4.55,8.1,34.9,59.8,88.3
2023-11-01,0.0,160.0,3.9,0.0,132.68041237113403,4.3680412371134025,0.0,40.518490566037734,4.250943396226416,0.0,61.0,4.6,8.1,34.9,59.8,88.3
2023-11-02,0.0,159.57552083333334,3.8151041666666665,0.0,131.91237113402062,4.291237113402063,0.0,41.104166666666664,4.329166666666667,0.0,59.916666666666664,4.383333333333334,8.1,34.9,59.8,88.3
2023-11-03,1.8,159.4296875,3.786979166666667,0.0,131.00472508591065,4.200472508591066,0.0,40.78125,4.286458333333333,0.0,59.229166666666664,4.245833333333334,8.1,34.9,59.8,88.3
2023-11-04,0.0,159.5625,3.8125,0.0,130.52083333333334,4.152083333333333,0.0,40.479166666666664,4.2437499999999995,0.0,59.135416666666664,4.227083333333334,8.1,34.9,59.8,88.3
2023-11-05,0.0,160.18478260869566,3.9184782608695654,0.0,130.6304347826087,4.163043478260869,0.0,40.33695652173913,4.233695652173913,0.0,58.619565217391305,4.126086956521739,8.1,34.9,59.8,88.3
2023-11-06,0.0,161.11458333333334,4.023958333333334,0.0,131.52083333333334,4.252083333333333,0.0,40.368121069182386,4.234728773584906,0.0,58.5,4.105208333333334,8.1,34.9,59.8,88.3
2023-11-07,0.0,161.375,4.076041666666667,0.0,132.02083333333334,4.302083333333333,0.0,40.47531643081761,4.243396226415094,0.0,58.395833333333336,4.092708333333333,8.1,34.9,59.8,88.3
2023-11-08,0.0,161.59375,4.11875,0.0,132.0,4.3,0.0,40.989895833333335,4.3062499999999995,0.0,58.46875,4.107291666666667,8.1,34.9,59.8,88.3
2023-11-09,0.0,161.52083333333334,4.104166666666667,0.0,132.0,4.3,0.0,40.90625,4.297916666666667,0.0,58.65625,4.144791666666667,8.1,34.9,59.8,88.3
2023-11-10,0.0,161.875,4.175,0.0,132.0,4.3,0.0,41.0,4.303125,0.0,58.114583333333336,4.047916666666667,8.1,34.9,59.8,88.3
2023-11-11,0.0,162.10416666666666,4.220833333333334,0.0,131.9375,4.29375,0.0,40.47377873563219,4.239295977011494,0.0,57.072916666666664,3.8708333333333336,8.1,34.9,59.8,88.3
2023-11-12,0.0,162.58333333333334,4.302083333333333,0.0,131.95833333333334,4.295833333333333,0.0,40.40481321839081,4.226688218390804,0.0,57.458333333333336,3.9375,8.1,34.9,59.8,88.3
2023-11-13,0.0,162.66666666666666,4.332291666666667,0.0,133.32291666666666,4.476041666666666,0.0,40.71894592476489,4.275019592476489,0.0,57.666666666666664,3.967708333333333,8.1,34.9,59.8,88.3
2023-11-14,0.0,160.04166666666666,3.876041666666667,0.0,132.79166666666666,4.379166666666667,0.0,41.05871212121212,4.319412878787879,0.0,58.0625,4.04375,8.1,34.9,59.8,88.3
2023-11-15,0.0,159.41666666666666,3.7854166666666664,0.0,130.85416666666666,4.185416666666667,0.0,40.98086240310078,4.30329457364341,0.0,58.416666666666664,4.086458333333334,8.1,34.9,59.8,88.3
2023-11-16,0.0,158.79166666666666,3.6791666666666667,0.0,130.01041666666666,4.101041666666666,0.0,40.43895348837209,4.243895348837209,0.0,58.375,4.092708333333333,8.1,34.9,59.8,88.3
2023-11-17,0.0,159.17708333333334,3.736458333333333,0.0,130.0,4.1,0.0,39.76618864648093,4.150948485110139,0.0,57.229166666666664,3.9020833333333336,8.1,34.9,59.8,88.3
2023-11-18,0.0,159.55208333333334,3.810416666666667,0.0,130.0,4.1,0.0,39.06048286514698,4.012096573029396,0.0,57.010416666666664,3.875,8.1,34.9,59.8,88.3
2023-11-19,0.0,159.91666666666666,3.8833333333333333,0.0,130.08333333333334,4.108333333333333,0.0,39.15663759689922,4.031327519379845,0.0,56.84375,3.8520833333333333,8.1,34.9,59.8,88.3
2023-11-20,0.0,159.67708333333334,3.8354166666666667,0.0,130.42708333333334,4.142708333333333,0.0,39.72708333333333,4.145416666666667,1.2,57.145833333333336,3.892708333333333,8.1,34.9,59.8,88.3
2023-11-21,0.0,160.39583333333334,3.939583333333333,0.0,130.375,4.1375,0.0,39.958333333333336,4.1875,0.0,57.53125,3.9479166666666665,8.1,34.9,59.8,88.3
2023-11-22,0.0,160.38541666666666,3.938541666666667,0.0,130.73958333333334,4.173958333333333,0.0,40.010416666666664,4.198958333333334,0.0,57.177083333333336,3.8958333333333335,8.1,34.9,59.8,88.3
2023-11-23,0.0,160.21875,3.919791666666667,0.0,130.27083333333334,4.127083333333333,0.0,40.041666666666664,4.201041666666667,0.0,57.28125,3.905208333333333,8.1,34.9,59.8,88.3
2023-11-24,0.0,160.47916666666666,3.9479166666666665,0.0,130.59375,4.159375,0.0,39.645833333333336,4.128125,0.0,56.96875,3.853125,8.1,34.9,59.8,88.3
2023-11-25,0.0,160.54166666666666,3.954166666666667,0.0,130.05208333333334,4.105208333333333,0.0,39.16524621212121,4.029924242424243,0.0,56.666666666666664,3.827083333333333,8.1,34.9,59.8,88.3
2023-11-26,0.0,160.98958333333334,4.007291666666666,0.0,130.40625,4.140625,0.0,39.061453349282296,4.012290669856459,0.0,57.09375,3.8874999999999997,8.1,34.9,59.8,88.3
2023-11-27,0.0,160.61458333333334,3.967708333333333,0.0,130.86458333333334,4.186458333333333,0.0,39.81941509796389,4.159754369957741,0.0,56.802083333333336,3.8489583333333335,8.1,34.9,59.8,88.3
2023-11-28,2.4,161.34375,4.0687500000000005,0.0,131.4375,4.24375,0.0,41.11678832116788,4.367518248175183,5.8,58.239583333333336,4.0562499999999995,8.1,34.9,59.8,88.3
2023-11-29,0.0,161.83333333333334,4.166666666666667,0.0,132.6875,4.36875,3.2,41.63397201946472,4.445095802919708,0.0,58.739583333333336,4.153125,8.1,34.9,59.8,88.3
2023-11-30,0.0,161.53125,4.10625,0.0,132.02083333333334,4.302083333333333,0.0,41.09375,4.33125,0.0,60.125,4.425,8.1,34.9,59.8,88.3
2023-12-01,0.0,161.13541666666666,4.032291666666667,0.0,131.60416666666666,4.260416666666667,0.0,40.791666666666664,4.288541666666666,0.0,60.65625,4.528125,8.1,34.9,59.8,88.3
2023-12-02,0.0,160.79166666666666,3.9875000000000003,0.0,131.03125,4.203125,0.0,40.447916666666664,4.2406250000000005,0.0,60.760416666666664,4.548958333333333,8.1,34.9,59.8,88.3
2023-12-03,0.0,162.8125,4.339583333333334,0.0,131.19791666666666,4.219791666666667,0.0,40.291666666666664,4.221875,0.0,60.541666666666664,4.508333333333334,8.1,34.9,59.8,88.3
2023-12-04,0.0,162.625,4.317708333333333,0.0,132.3125,4.33125,0.0,40.322916666666664,4.2281249999999995,0.0,60.458333333333336,4.491666666666666,8.1,34.9,59.8,88.3
2023-12-05,0.0,162.26041666666666,4.260416666666667,0.0,131.8125,4.28125,0.0,40.625,4.265625,0.0,60.541666666666664,4.508333333333334,8.1,34.9,59.8,88.3
2023-12-06,0.0,162.36458333333334,4.270833333333333,0.0,131.13541666666666,4.213541666666667,0.0,40.364583333333336,4.234375,0.0,60.520833333333336,4.504166666666666,8.1,34.9,59.8,88.3
2023-12-07,0.0,161.88541666666666,4.177083333333333,0.0,131.09375,4.2093750000000005,0.0,40.104166666666664,4.197916666666667,0.0,59.96875,4.39375,8.1,34.9,59.8,88.3
2023-12-08,0.0,162.38541666666666,4.277083333333334,0.0,131.375,4.2375,0.0,40.0625,4.1937500000000005,0.0,59.854166666666664,4.370833333333334,8.1,34.9,59.8,88.3
2023-12-09,0.0,162.05208333333334,4.210416666666667,0.0,131.94791666666666,4.294791666666667,0.0,40.125,4.2,0.0,59.75,4.3500000000000005,8.1,34.9,59.8,88.3
2023-12-10,0.0,162.54166666666666,4.308333333333334,0.0,131.73958333333334,4.273958333333334,0.0,40.583333333333336,4.255208333333333,0.6000000000000001,60.145833333333336,4.429166666666666,8.1,34.9,59.8,88.3
2023-12-11,0.0,162.85416666666666,4.370833333333334,0.0,131.95833333333334,4.295833333333333,0.0,40.916666666666664,4.307291666666667,0.0,60.458333333333336,4.491666666666666,8.1,34.9,59.8,88.3
2023-12-12,0.0,163.05208333333334,4.401041666666667,0.0,131.28125,4.228125,0.0,40.989583333333336,4.320833333333334,0.0,60.729166666666664,4.5406249999999995,8.1,34.9,59.8,88.3
2023-12-13,0.0,163.38541666666666,4.4375,0.0,131.25,4.2250000000000005,0.0,40.46875,4.241666666666666,0.0,60.53125,4.503125,8.1,34.9,59.8,88.3
2023-12-14,0.0,163.57291666666666,4.457291666666667,0.0,131.54166666666666,4.254166666666666,0.0,40.3125,4.2250000000000005,0.0,60.291666666666664,4.458333333333333,8.1,34.9,59.8,88.3
2023-12-15,0.0,163.6875,4.46875,0.0,131.0,4.2,0.0,40.052083333333336,4.190625,0.0,59.822916666666664,4.364583333333333,8.1,34.9,59.8,88.3
2023-12-16,0.0,161.94791666666666,4.202083333333333,0.0,130.875,4.1875,0.0,40.052083333333336,4.191666666666667,0.0,59.760416666666664,4.352083333333334,8.1,34.9,59.8,88.3
2023-12-17,24.8,163.10416666666666,4.402083333333334,0.2,129.65625,4.028125,0.0,39.239583333333336,4.047916666666667,0.2,59.822916666666664,4.364583333333333,8.1,34.9,59.8,88.3
2023-12-18,95.0,165.53125,4.796875,65.2,135.03125,4.714583333333333,38.2,39.927083333333336,4.183333333333334,15.0,59.729166666666664,4.345833333333334,8.1,34.9,59.8,88.3
2023-12-19,0.2,164.6875,4.635416666666667,9.4,143.58333333333334,5.842708333333333,12.0,53.65625,6.989583333333333,8.8,65.29166666666667,5.389583333333333,8.1,34.9,59.8,88.3
2023-12-20,0.2,163.80208333333334,4.48125,0.4,137.125,4.980208333333334,0.0,53.979166666666664,7.078125,0.2,75.92708333333333,7.8625,8.1,34.9,59.8,88.3
2023-12-21,0.0,163.04166666666666,4.404166666666667,0.0,134.25,4.607291666666667,0.0,48.708333333333336,5.870833333333334,0.0,75.11458333333333,7.664583333333334,8.1,34.9,59.8,88.3
2023-12-22,0.0,163.30208333333334,4.425,0.0,132.90625,4.390625000000001,0.0,45.40625,5.1812499999999995,0.0,71.91666666666667,6.8656250000000005,8.1,34.9,59.8,88.3
2023-12-23,0.0,163.15625,4.402083333333334,0.0,132.14583333333334,4.314583333333333,0.4,43.15625,4.73125,0.0,68.16666666666667,6.0,8.1,34.9,59.8,88.3
2023-12-24,0.0,163.125,4.40625,0.0,131.5,4.25,0.0,41.9375,4.4875,0.0,65.84375,5.46875,8.1,34.9,59.8,88.3
2023-12-25,0.0,162.98958333333334,4.382291666666667,0.0,131.41666666666666,4.241666666666666,0.4,41.239583333333336,4.355208333333333,0.0,63.947916666666664,5.089583333333334,8.1,34.9,59.8,88.3
2023-12-26,0.2,162.54166666666666,4.30625,3.6,131.51041666666666,4.251041666666667,3.8,41.135416666666664,4.330208333333333,9.4,63.291666666666664,4.958333333333333,8.1,34.9,59.8,88.3
2023-12-27,0.0,163.01041666666666,4.3812500000000005,0.0,132.0,4.3,0.2,41.53125,4.40625,0.0,62.416666666666664,4.802083333333333,8.1,34.9,59.8,88.3
2023-12-28,0.0,162.47916666666666,4.292708333333334,0.0,124.70833333333333,3.4447916666666667,0.0,41.947916666666664,4.489583333333333,0.0,62.375,4.792708333333334,8.1,34.9,59.8,88.3
2023-12-29,0.0,158.14583333333334,3.639583333333334,0.0,119.94791666666667,2.8947916666666664,0.0,41.25,4.3531249999999995,0.0,62.4375,4.814583333333333,8.1,34.9,59.8,88.3
2023-12-30,0.0,149.35416666666666,2.339583333333333,0.0,115.44791666666667,2.4447916666666667,0.0,40.541666666666664,4.254166666666666,0.0,61.90625,4.7093750000000005,8.1,34.9,59.8,88.3
2023-12-31,0.0,149.0,2.3,0.0,111.0,2.0,0.0,40.0,4.2,0.0,62.0,4.7,8.1,34.9,59.8,88.3
